nickname,contents,date,latitude,longitude,,,,
검은고양이, #교통 공덕역 6->5호선 환승하는 구간 사람들 엄청 몰리네요. 6호선이랑 공항철도까지 합쳐져서 그런가봐요,2023-04-13 08:51:21,37.5445416897534,126.951451177648,,,,
아이언맨, #교통 목요일 출근길에도 역시나 차량이 많아요. 서울 시내로 향하는 방면은 차가 끊임 없네요,2023-04-13 08:22:52,37.61835861,126.93288421,,,,
검은고양이, #날씨 오늘 미세먼지 매우 나쁨이래요. 날씨 기온 자체는 어제보단 높아진 것 같아요,2023-04-13 07:58:18,37.616098026440845,126.93284545420897,,,,
검은고양이, #일상 오늘 점심은 집 김밥! 끝도 없이 들어가네요. 혼자서 4줄은 먹은듯해요,2023-04-12 20:42:33,37.61469410376333,126.93317541218137,,,,
아이언맨, #교통 독바위역에서 불광초등학교 가는 길목인데 차량 많이 다니지 않아요.  #날씨 바람많이 불고 추워요,2023-04-12 19:47:07,37.61469410376333,126.93317541218137,,,,
아이언맨, #교통  #뉴스 구파발에서 출발하는 3호선 열차 시간표 바뀌었어요. 해당 사진이 최신이니 참고하세요,2023-04-12 19:05:52,37.61721658066905,126.932981143451,,,,
아이언맨, #교통 공덕역 5-6호선 환승하는 구간입니다. 응암순환열차 타러가는 방면 사람 참 많아요ㅜ,2023-04-12 18:26:45,37.543530049331636,126.95189540256291,,,,
검은고양이, #교통 여의도역 3번출구 무빙워크 퇴근하는 사람들 엄청 많아요. 여기저기 출구에서 자꾸 유입되는 느낌,2023-04-12 18:10:51,37.52467139525695,126.92602008310593,,,,
제이," #날씨 
현재 기온은 12도. 햇빛이 엄청 뜨거워요! 근데 바람이 불어요ㅋㅋ 얼른 에어컨 청소를 예약해둬야겠네요",2023-04-12 15:07:18,37.45589350372869,126.63732867532602,,,,
아이언맨, #뉴스 여의도ifc몰 옛날 더플레이스자리에 아그라 생기네요!! 지하에 아비꼬도 있는데 인도카레의 등장~~,2023-04-12 13:12:19,37.52500669902664,126.92688134685694,,,,
검은고양이, #날씨 여의도 현재 바람 엄청 많이 불고 있어요! 오전에는 없던 해도 나왔네요. 그런데 바람이 많이 불어서 좀 추워요,2023-04-12 11:53:16,37.52504890616753,126.92689183831598,,,,
흰둥이는잘말려,#화곡동소식 #신상가게 오픈한다는데 마라탕이네용?! 현수막 귀여워서 더 기대되는 #마라탕맛집 근데 언제 오픈할지~ 👀👀👀 궁금,2023-04-12 10:19:31,37.54831155701425,126.84678609072134,,,,
검은고양이, #교통 수요일 아침 독바위역 지나 불광역으로 향하는 방면 차량 줄이 길어요. 반대방면은 많지 않아요,2023-04-12 08:03:10,37.61832741929728,126.93290000352442,,,,
검은고양이, #날씨 오늘 아침 날씨는 좀 쌀쌀한 편이네요.  오늘도 미세먼지 심하대요. 날씨가 쌀쌀해서 쾌청할줄 알았는데ㅠ,2023-04-12 07:57:05,37.615426457658636,126.9329857593106,,,,
검은고양이, #일상 불광동 맛집 암사쪽갈비 추천해요. 1인분에 17000원이고 매운맛/안매운맛 있어요,2023-04-11 19:46:24,37.61138755856082,126.93184129491164,,,,
검은고양이, #교통 불광초등학교 앞 교통상황입니다. 통행하는 차량 많지 않은 편이네요,2023-04-11 19:15:40,37.61150703726831,126.93082755780561,,,,
아이언맨, #일상 점심은 코바치에서 쯔라시무시(?) 였나 제일 많이 먹는 회덮밥 먹었어요. 자주 드시는 분 말로는 오늘 회가 별로라네요,2023-04-11 18:46:36,37.5243165057689,126.924843406147,,,,
검은고양이, #뉴스 시청에 있는 서울 도서관 다들 아세요? 책도 많고 이용도 편리해요. 어플로 회원증 만들면 도서 예약도 가능하고 1회에 한하여 대출 연장도 됩니다,2023-04-11 18:36:59,37.566125020634054,126.97773178977147,,,,
검은고양이, #교통  #날씨 비가 왔어서 그런지 날씨가 쌀쌀해 졌어요. 광화문 사거리 퇴근시간이라 차는 더더욱 많아보이네요,2023-04-11 18:23:53,37.570132543368,126.97697723296189,,,,
아이언맨," #교통 퇴근길 정체가 6시도 전에 시작되었네요. 마포대교가는 방면, 신길 가는 방면 모두 많아요",2023-04-11 17:57:08,37.52664006318666,126.92660048615832,,,,
독립출판식목일," #일상  #교통 초록색 의자가 기억나는 무궁화호, 요즘은 새마을호 열차들이 무궁화호가 되었네요. 혹자는 왜 느린 무궁화호를 타냐고 하지만, 중국의 존 차오 목사님은 예수님 이야기 중국사람들에게 전해주려고 일부러 더 느린 열차를 타신다고 해요. 지금은 수감되어 있으신데 언젠가 자유롭게 신앙을 증언하실 그날을 간절히 소망합니다.

제 눈 앞에 있는 멋들어진 쾌속선이 있지만, 이렇게 창밖을 보고 앉을 수 있는 거북이 무궁화호 이용해보시면 어떠신가요?

이제 정말 출발!",2023-04-11 16:11:35,34.7919502412373,126.38739884438642,,,,
독립출판식목일," #일상 잠시 머무를 곳이 필요해서 깜짝 방문한 곳이에요. 앉아서 노트북을 폈더니, #강릉산불 #속보 발견하게 되어 침울해 있어요... 아무것도 도움이 될 수 없어 주변에 기도를 부탁드렸습니다.

우리가 아끼지 못한 결과가 이런 커다란 재난으로 돌아오는 것 같아 서글퍼요.",2023-04-11 14:12:10,34.7897803934279,126.383153578784,,,,
검은고양이, #교통  #날씨 비엔케이빌딩 앞 교통상황입니다. 차량보단 사람들이 더 많아요. 비가 살짝 오는 중인데 우산 없어도 괜찮을 것 같아요,2023-04-11 13:03:19,37.5251775245928,126.924876706923,,,,
검은고양이, #날씨 비가 왔었는지 조로가 젖어있네요. 바람 많이 불고 날씨가 많이 흐립니다,2023-04-11 11:28:07,37.5249785804444,126.925298305571,,,,
독립출판식목일," #일상 #우수영정류장 #이순신장군과조선을지킨백성들의마을
현지 어르신께 이순신 장군의 전쟁이야기를 들었어요!
열악한 환경에서도 우리 아군들의 사기를 위해 마을 여성들도 강강수월래를 돌았다고 합니다.

풀뿌리 한 없이 작아보이는 사람들도 담대한 믿음 있다면 자신의 희생도 마다하지 않고 행동하였던 점 잊지 않고 배워볼게요!

우리 조그만 벌레도 하나님의 마음을 알겠지요? :)

너희의 인내로 너희 영혼을 얻으리라
누가복음 21:19

By standing firm you will gain life.
Luke 21:19,NIV",2023-04-11 11:03:55,34.593634234111725,126.31408256210057,,,,
공공의아군, #일상 #치과 양심치과라고 소문난 #학동역 뉴서울치과 다녀왔어요...정말 의사선생님 스윗하시고 전문적이셨어요. 예약은 1주전에 전화하고 가야합니다. 칫솔질 이번에 새로 배우고 왔어요. 충치아니라서 넘 좋았네요.,2023-04-11 10:45:53,37.5150013678423,127.033173561371,,,,
흰둥이는잘말려,100호점 달성 #이벤트 4월 말까지이니! 이런 혜택은 누려야죠💸💸 #짠테크 #커피값도아끼자,2023-04-11 09:26:41,37.5600026880216,126.855441698893,,,,
아이언맨, #날씨 여의도역 내리자마자 바람 엄청 부네요. 비예보 시간이 조금 당겨졌어요. 곧 비가 오려나봐요,2023-04-11 08:57:14,37.52515206636312,126.92661840978427,,,,
검은고양이, #교통 방금 열차가 지나가긴 했지만 출근시간대 독바위역은 사람 별로 없어요,2023-04-11 08:09:30,37.6184141599944,126.933053652461,,,,
아이언맨, #날씨 어제는 아침에 이 도로가 한산한 편이었는데 화요일이 되니 다시 꽉 찼어요,2023-04-11 08:00:15,37.61841533774495,126.93286771802188,,,,
아이언맨, #날씨 오늘 날씨가 많이 흐리네요. 바람도 많이 부네요. 이따 돌풍을 동반한 비가 온다던데.. 우산 챙기셨나요?,2023-04-11 07:55:39,37.615069267375176,126.93335236062008,,,,
독립출판식목일, #일상 예수 우리 왕이여 이곳에 오셔서 보좌로 주여 임하사 찬양을 받아주소서! #충신교회 #이순신장군의울둘목근처,2023-04-10 23:11:11,34.55987460843565,126.39997291386152,,,,
검은고양이, #교통 불광에서 연신내가는 방면 아직도 차 많아요. 반대로 연신내에서 불광 넘어가는 차량은 많지는 않아요,2023-04-10 21:52:20,37.609660212016095,126.93046585859479,,,,
도토리,"저녁으로 서오릉에 최근에 생긴 순대상회집 가봤어요 
간이 쎄지 않고 적당해서 좋아요~~ 후식으로 매실차도 있더라구요😆 #서오릉  #일상 ",2023-04-10 21:19:01,37.6279527517853,126.888706065215,,,,
아이언맨, #일상 오늘 하루 커피를 너무 많이 마셨는데 스벅에서 마실게 없어서 또 커피를.. 대신 물 많이 샷은 한개만 넣었어요,2023-04-10 20:35:21,37.60963602427255,126.93048399740002,,,,
검은고양이, #교통 공덕역 6호선 응암순환행 사람 많지 않아요. 열차 안에도 낑길 정도는 아닙니다,2023-04-10 19:44:01,37.543530049331636,126.95189540256291,,,,
공공의아군,"#가디언즈오브갤럭시 #레드카펫 #내한 초대 이벤트 하네요. 인스타 댓글달고 네이버폼 입력하면 응모된데요.
https://www.instagram.com/p/Cq2ZoEChz-e/?igshid=YmMyMTA2M2Y=

https://form.office.naver.com/form/responseView.cmd?formkey=N2VmNWZkZjItYWQxYi00MzAzLWE5N2QtODNiNjc4ZDI0ZTRm&sourceId=urlshare

16일까지응모기간ㅇㅣ에요",2023-04-10 19:39:38,37.5671843130818,127.009911013917,,,,
아이언맨, #교통 퇴근시간이 조금 빗겨가서 그런지 5호선 여의도역 하남검단행 사람이 많진 않아요,2023-04-10 19:11:29,37.52128601,126.92440032,,,,
검은고양이, #일상 점심은 참치김밥 먹었어요. 그런데 #물가 실화인가요. 참치김밥 한줄이 5000원이라니요,2023-04-10 14:37:44,37.52527283653246,126.92702757565449,,,,
이또한지나가리," #일상 부발읍 행정복지센터    서류 준비하느라 왔네요
친절한 직원분들  
점심시간 한가하네요",2023-04-10 12:40:51,37.2832139,127.4876111,,,,
검은고양이," #날씨 점심쯤 되니까 햇살도 따사롭고 좋네요. 코트는 더워요. 가디건, 자켓이 많이 보이네요",2023-04-10 12:35:50,37.52221692959058,126.92547692773144,,,,
아이언맨, #뉴스 시청 도서관은 월요일 휴무입니다.. 그리고 지금 도서관 앞은 공사중입니다.. -헛걸음한사람-,2023-04-10 12:02:30,37.566267857363044,126.97747813549542,,,,
아이언맨, #교통 광화문 사거리 근처는 차도 많고 사람도 많아요. 외국인 관광객도 보이네요,2023-04-10 11:54:32,37.570236593949524,126.97664911766006,,,,
아이언맨, #날씨 날씨가 기온만 조금 높아졌어요. 햇살이 없는데도 많이 춥지는 않네요,2023-04-10 11:30:48,37.525692431664346,126.92693872722022,,,,
공공의아군,#코엑스 가구 라이프 트렌드 전시회가 있다고 해요. 관심있으신분 5월 4일부터 7일까지 한다고 하니 구경가보셔요!저도 가보려구요 #무료관람 ,2023-04-10 10:17:42,37.5149828,127.0331697,,,,
검은고양이, #교통 공덕역 5<->6호선 환승하는 구간입니다. 사람이 그렇게 많은것같진 않아요,2023-04-10 08:34:48,37.54498965517697,126.95474402551172,,,,
검은고양이, #교통 월요일인데 이렇게 도로가 한가하다니요.. 출근은 저만 하는줄알았네요,2023-04-10 08:05:02,37.618328803131995,126.93290801989225,,,,
검은고양이, #날씨 오늘 아침 날씨는 흐리지만 춥지는 않아요. 10도 중간쯤 온다그래서 코트 입었는데 오바였어요,2023-04-10 08:00:06,37.617348570544195,126.93308872344971,,,,
오렌지땅콩,#어린이축구 #이동국 이동국FC와 축구시합 ㅋㅋ 아이들 시합인데 사진찍었어요 ㅎ  #일상 ,2023-04-09 17:31:26,37.3787385331947,126.662683212599,,,,
이또한지나가리," #일상 천호동 현대백화점 8F  패밀리가든 
작은공간 아기자기한 공원",2023-04-09 16:45:04,37.539152,127.1242022,,,,
제이," #일상 #리그오브레전드
롤 좋아하시나요? 오늘 스프링시즌 결승전하는 날이네요. 티켓이 제손에 없어서 집에서 응원하는 중입니다 (˃̣̣̣̣̣̣︿˂̣̣̣̣̣̣ ) 티원우승했으면 좋겠네요!! 티원화이팅!! 페이커 화이팅!!",2023-04-09 15:21:35,37.455862906274724,126.63731425785309,,,,
독립출판식목일,"수선화 구근 엄청 구하러 다녔었는데, 충남 예산 산성교회 오니까 너무 예쁘게 피었네요!! 매일매일식목일! #일상

[눅12:27] 백합화를 생각하여 보라 실도 만들지 않고 짜지도 아니하느니라 그러나 내가 너희에게 말하노니 솔로몬의 모든 영광으로도 입은 것이 이 꽃 하나만큼 훌륭하지 못하였느니라

[Luke 12:27, KJV] Consider the lilies how they grow: they toil not, they spin not; and yet I say unto you, that Solomon in all his glory was not arrayed like one of these.",2023-04-09 13:58:16,36.69352745952657,126.82698796036229,,,,
오렌지땅콩,#이동국FC 오늘 시합 구경하러 왔습니다! 이동국선수도 만났는데 아쉽게 사진은 못찍었네요 ㅠㅠ  #일상 ,2023-04-09 13:52:44,37.3785509,126.6629572,,,,
공공의아군,#슈퍼마리오 #영화티켓 #프로모션 입니다. 다음주 대기 가보자고! #영화,2023-04-09 10:49:14,37.5297517407141,126.963950815777,,,,
도토리,"양주는 벚꽃이 아직 피어있는 곳들이 꽤 있네요~~
주말이라 양주화훼단지 놀러왔어요💚 날씨 엄청 맑아요~!
#양주#나들이 #일상  #날씨 ",2023-04-09 08:17:12,37.674508097908145,126.9186965749344,,,,
아이언맨, #교통 불광역 혁신파크 앞 교통상황입니다. 사람들 별로 없고 구기터널가는방면 차도는 한산해요,2023-04-08 18:28:24,37.60844253472774,126.93176809710164,,,,
검은고양이, #교통 종로2가 정류장 차도 사람도 많아요. 그나마 버스 전용 차로는 덜막혀요,2023-04-08 17:54:14,37.570889038138,126.988250180457,,,,
검은고양이, #뉴스 코엑스에서 드링크서울 2023행사해요. 현장구매도 가능해 보이네요,2023-04-08 11:54:02,37.51109544152825,127.05961775966335,,,,
아이언맨, #교통 오전 서울역 사람 많지 않아요. 차도 많~이 다니지는 않아요. 날씨 좋네요,2023-04-08 10:23:35,37.554941934227124,126.97259255098264,,,,
검은고양이, #교통 주말 아침 교통상황입니다. 날씨가 좋아서 그런지 오전부터 차량이 많네요,2023-04-08 10:10:55,37.6149089274742,126.933481532792,,,,
이또한지나가리," #일상 성수동이마트  종료
2023년 4월 25일까지만 운용. 아쉽네   
이마트본사도 이전하고 다시 재오픈할런지",2023-04-08 09:59:08,37.5393528,127.0538909,,,,
이또한지나가리," #일상 성수동 시장.   재래시장에 젊은이들이 올수있게 
이름도 청춘시장..
",2023-04-08 09:54:14,37.5377927,127.0543654,,,,
검은고양이, #날씨 주말 아침 불광동 날씨는 맑아요! 저번주말은 덥고 흐렸는데 이번주말은 맑고 춥네요,2023-04-08 09:49:43,37.6103587706933,126.932086867815,,,,
아이언맨, #일상 민소한우에서 제일 많이 드시는 궁중불고기. 민소한우는 구워주는 파가 정말 맛있어요,2023-04-07 23:56:28,37.5228671738776,126.924030366469,,,,
아이언맨, #일상 민소한우에서 제일 많이 드시는 궁중불고기. 민소한우는 구워주는 파가 정말 맛있어요,2023-04-07 23:56:14,37.5228671738776,126.924030366469,,,,
검은고양이, #일상 여의도 신송빌딜 지하 돈까스 만원이요. 리필 1회가능. 반찬으로 떡볶이 나와요,2023-04-07 23:54:03,37.614688562982266,126.93314442622454,,,,
아이언맨, #뉴스 불광역 2번출구 앞에 메가커피 생긴대요. 4월 20일 오픈 행사도 할지 궁금하네요,2023-04-07 19:23:08,37.6091798080574,126.931277036127,,,,
아이언맨, #교통 독바위역앞은 나름 한가하네요!  #날씨 는 약간 쌀쌀해요. 내일은 좀 따듯해졌으면 좋겠어요,2023-04-07 19:07:24,37.61627432306152,126.9330205738829,,,,
검은고양이, #교통 9호선은 개찰구 통과하는 곳부터 사람이 많아서 못내려가는 정도인가봐요,2023-04-07 18:21:14,37.52122434949881,126.92436537044438,,,,
아이언맨, #교통 퇴근하는 사람들과 더현대서울 가는 사람들 비슷비슷하게 많은 여의도역입니다,2023-04-07 18:14:35,37.52483909407854,126.92633404542062,,,,
이또한지나가리," #일상 여기는 명품거리.  멋지다 루이비통 
그 옆 몽클레어..   청담동  멋지다",2023-04-07 17:20:53,37.5260562,127.0465125,,,,
공공의아군,"대림역 2호선 환승하러 올라가는 에스컬레이터 1개 고장나서 공사중이에요. 참고하세요!
저는 계단을 택했어요. #교통 ",2023-04-07 16:40:50,37.4932071,126.8950492,,,,
도토리,"아주 깍깍 막혀요 반포대교방면입니당 언제가나요 
오늘 미세먼지는 보통입니당 #교통  #날씨 ",2023-04-07 14:32:27,37.512219683640645,126.9592714637848,,,,
검은고양이, #날씨 오늘 오후되니까 햇살도 따듯하고 날씨 좋네요.  바람도 차지 않아요,2023-04-07 12:27:53,37.5240281153997,126.92705076602401,,,,
아이언맨, #날씨  #교통 원래 바람 많이 부는 구간인데 바람 많이 불지 않고 많이 안춥네요. 더현대 앞 지나가는 차량 많지 않아요,2023-04-07 08:55:39,37.525304113549666,126.92676359799404,,,,
검은고양이, #교통 금요일 출근시간대 독바위역 앞은 한산해요. 차들이 많이 다니지않아요,2023-04-07 08:04:27,37.61824352950252,126.93286215435954,,,,
검은고양이, #날씨 오늘 날씨는 화창해요! 미세먼지 없는 것 처럼 보이는 날씨네요. 약간 쌀쌀하기도해요,2023-04-07 07:56:55,37.61496658075663,126.93339770580151,,,,
검은고양이, #교통 합정역 근처 교통상황은 한가해요. 시간이 늦어서 귀가하는 사람만 좀 있는 정도,2023-04-06 22:55:43,37.55562799081294,126.91465749935216,,,,
아이언맨, #일상 오늘 여자배구 챔피언결정전 보러갔어요. 날씨는 춥지만 경기장 안 열기는 뜨거웠어요,2023-04-06 22:45:10,37.53579540761209,126.89792093408043,,,,
아이언맨, #교통 인천 삼산체육관 앞 교통상황입니다. 늦은 시간이라 차 많이 다니진 않아요. 미세먼지 미쳤어요,2023-04-06 22:18:24,37.50673003430036,126.73751673031299,,,,
흰둥이는잘말려,뭔지 모르겠지만.. 공사중?인지 버스 정류장 앞에 버스가 못 서요....  #불편 왜이러는지 아시는 분? #교통 ,2023-04-06 21:39:44,37.55268873641639,126.85022952333232,,,,
아이언맨, #교통 온수->석남행 7호선 승강장에는 사람 별로 없지맘 지하철 내부에는 사람 많아요,2023-04-06 18:39:40,37.4921337925786,126.82268963999671,,,,
검은고양이, #일상 여의도 커피기업은 내부 그나마 좀 넓은 편이네요. 점심에는 사람 너무 많지만요..,2023-04-06 18:17:26,37.52902863952744,126.92190286669492,,,,
아이언맨, #교통 여의도역 5호선 방화행 사람 대박대박 많아요. 열차 하나가 안왔어서 그런가봐요,2023-04-06 18:10:22,37.521376637479015,126.92448460516569,,,,
검은고양이," #날씨 현재 여의도 날씨 안개인줄 알았는데 날씨예보 찾아보니 초미세먼지 매우나쁨, 미세먼지 나쁨이네요",2023-04-06 16:28:43,37.5267849150832,126.930167091136,,,,
이또한지나가리," #일상 경기도 여주 패션아울렛. 
부발읍에서 장호원 가는길..  
컨테이너 형태의 건축물",2023-04-06 14:21:41,37.216103,127.535927,,,,
검은고양이, #교통  #날씨 여의도 파크원 타워 앞인데 비가 아주 조금씩 흩날리고 있어요. 마포대교 방면 양방향 차량도 꽤 있어요,2023-04-06 13:17:28,37.5266641708316,126.92716700037366,,,,
F," #일상 #서울창포원
창포원에 왜가리가 자주 날아오네요🪶🪶",2023-04-06 09:14:06,37.6895292622726,127.047164749977,,,,
아이언맨, #교통 오늘 독바위역 출근길은 평소보다 사람이 더 적은 것 같아요. 평화로운 6호선,2023-04-06 08:16:57,37.618412193261015,126.93285919014654,,,,
검은고양이, #교통 오늘은 차가 약간 뒤쪽(독바위역근처)은 막히고 불광역 다가가는 쪽은 비어있어요. ,2023-04-06 08:04:39,37.618412193261015,126.93285919014654,,,,
검은고양이, #날씨 오늘 아침에는 비 미스트처럼 아주 살짝 내려요. 저는 우산 없이 나왔어요.. 날씨 흐리고 생각보다 안추워요,2023-04-06 07:58:04,37.616825513543695,126.93279452881767,,,,
아이언맨, #뉴스 새벽에 응암동 불이 난 곳이 있었어요. 주방화재로 당분간 휴업한대요. 인명피해 없어서 다행이네요,2023-04-05 21:21:10,37.5963272964127,126.924109745075,,,,
아이언맨, #일상 김치볶음밥 필수재료는 뭐라고 생각하세요? 저는 신김치랑 물엿이요,2023-04-05 20:56:18,37.614688562982266,126.93314442622454,,,,
검은고양이, #일상 집에서 만드는 치킨! 이제 교촌 치킨도 2만원이 넘더라구요.. 3000원이나 인상했대요,2023-04-05 20:40:34,37.614688562982266,126.93314442622454,,,,
아이언맨, #교통 아침에 출근차량으로 가득하던 도로가 퇴근 시간무렵에는 텅 비어있네요,2023-04-05 20:09:37,37.614688562982266,126.93314442622454,,,,
검은고양이, #날씨 독바위역 근처 아주 약하게 비내리고 있어요. 우산 안 쓴 사람들도 조금 있는 정도입니다,2023-04-05 19:03:27,37.61800062846184,126.9332239498635,,,,
공공의아군,내일 #존윅4 #메가박스 #빵원티켓 행사해요. 오전 11시. 놓치지말아요. #일상 ,2023-04-05 18:33:16,37.5130779481089,127.058215118259,,,,
아이언맨, #교통 공덕역 5호선에서 6호선으로 환승하러 가는 구간에도 사람이 많아요,2023-04-05 18:21:57,37.5445416897534,126.951451177648,,,,
아이언맨,"여의도역으로 가는 무빙워크 사람 엄청 많아요 #교통 
비와서 다들 지하로 피신한듯요",2023-04-05 18:11:50,37.52314790500404,126.92374725445255,,,,
검은고양이, #날씨 지금은 비가 미스트처럼 흩뿌리네요. 기온도 확! 떨어져서 추워요,2023-04-05 18:06:22,37.52483909407854,126.92633404542062,,,,
흰둥이는잘말려,오랜만에 주민센터 들렀다가 홍보책자 봤는데 전 해당사항 없지만 이런건 많이많이 알려야 하는 게 아닐지.. #신생아지원 #육아 #임신 #출산 #양천구신생아 #산모건강 #보건소 ,2023-04-05 15:22:57,37.53280140298755,126.8315358974018,,,,
검은고양이, #날씨 여의도도 아직도 비가 오고 있네요. 그리고 바람도 엄청 불고 기온도 확 낮아진듯해요,2023-04-05 08:54:59,37.52511575953955,126.92704218577035,,,,
아이언맨, #교통 독바위역 앞은 의외로 차가 많이 다니지 않아요. 비가 오는데도 한가하네요!,2023-04-05 08:00:06,37.61841581867416,126.93286894995536,,,,
검은고양이, #날씨 비가 아침까지 이어지네요. 비 오는 것 치고는 기온이 많이 낮아지지 읺았어요,2023-04-05 07:55:37,37.61839208404889,126.9330694977366,,,,
아무개,"인천공항인데 비가 많이 오네요.

 #날씨 ",2023-04-05 01:33:34,37.44864569494624,126.44669520042292,,,,
검은고양이, #뉴스 은평구 정전났어요. 문자는 대조동이지만 불광동도 정전으로 1~2초정도 불 나갔어요,2023-04-04 23:51:15,37.614688562982266,126.93314442622454,,,,
공공의아군,#cgv 에서 #워너브라더스 특별전이 있어요. 관심있으신분들은 예매하세욥!!,2023-04-04 21:53:24,37.5297517407141,126.963950815777,,,,
아이언맨, #교통 롸? 여의도역 3번출구 내려가는 에스컬레이터 줄서서 내려가요. 퇴근시간이라 사람이 많아서요,2023-04-04 18:08:30,37.5226789852955,126.92386681225796,,,,
검은고양이," #교통 씨티플라자근처 퇴근하는 사람들, 차량들 점점 많아지고 있어요.  #날씨 비는 아직 안와요",2023-04-04 18:05:34,37.52452221097209,126.92583354315823,,,,
아이언맨, #일상 점심에 다녀온 윤중로에는 벌써 분홍 벚꽃 다 떨어져가요. 오늘 저녁 비 오면 이마저도 보기 힘들 듯 합니다,2023-04-04 16:13:48,37.53351080966769,126.91493215270192,,,,
아이언맨, #교통  #뉴스 공군 특수비행팀 블랙이글스가 4일 오후 2시 30분부터 5분 간 서울 여의도 상공에서 비행 훈련 한대요. 어쩐지 굉음이 엄청나더라구요,2023-04-04 14:34:45,37.52506938271225,126.92679667496694,,,,
제이," #날씨 
오늘 저녁부터 비가 온다그래서 아기랑 둘이 #인천대공원에 급하게 왔어요ㅋㅋㅋ 아직까지는 날이 진짜 좋네요~",2023-04-04 14:31:16,37.45942406957192,126.7517249273675,,,,
아이언맨, #교통 여의도 포스트타워 앞 교통상황입니다. 차 많이 다니지 않아요.  #날씨 는 선선+흐림 입니다. 저녁에 비가 온대요,2023-04-04 13:39:26,37.52521663549611,126.92716135237593,,,,
아이언맨, #교통 ifc와 씨티플라자 사이 교통은 차보다 사람들이 많아요. 점심시간이라 그런가봐요,2023-04-04 12:06:31,37.524883766844596,126.92549591580104,,,,
공공의아군,#치킨래빗 서프라이즈쿠폰 오늘 12시에 #cgv 에서 천매 뿌립니다. 놓치지 않을거에요..!,2023-04-04 09:24:47,37.5297517407141,126.963950815777,,,,
검은고양이,#교통  #뉴스 율촌빌딩 커피빈 앞에서 통신공사 하고 있어요. 도로 조금 걸쳐서 하네요. ,2023-04-04 08:54:29,37.52479686382113,126.92619762021674,,,,
검은고양이, #뉴스 4/4~4/9 여의도 17회 벚꽃축제라고 하네요. 오늘 밤에 비가 오면 꽃잎이 많이 떨어질 것 같아요.3번출구로 가거나 여의나루역으로 가면 바로 볼 수 있어요  #교통 ,2023-04-04 08:45:59,37.52157811093315,126.92431069977907,,,,
아이언맨, #교통 공덕역 환승구간 출근하는 사람들이 많아요. 가끔 5호선 사람 많이서 못탈정도가 됐어요 요즘은 ,2023-04-04 08:34:58,37.54339019785103,126.95192398513966,,,,
검은고양이, #교통 어제는 차가 별로 없는 편이었는데 오늘은 다시 제가 아는 아침출근길의 모습이네요,2023-04-04 08:02:17,37.61841432359253,126.93286301594742,,,,
검은고양이, #날씨 오늘 날씨 어제보다 춥다는데 기온은 별 차이 없는 것 같아요. 근데 좀 흐리네요,2023-04-04 07:56:33,37.61841432359253,126.93286301594742,,,,
호박고구마,달인집 배키욘방에서 닭다리덮밥 먹었어요 웨이팅 해서 먹을 정도는.... 아닌 거 같아요ㅎㅎ.. #배키욘방 #일상 ,2023-04-03 23:27:59,37.51350032122024,127.1083367302445,,,,
도토리,잠실역 5번 출구에는 공사중이에요 열두시가 다 되어가는데도 차량들이 꽤 있네요 #교통  #일상 #졸리군,2023-04-03 23:23:44,37.513550422189304,127.10063335497593,,,,
제이," #일상 
#벚꽃 핀 걸 보려고 #수봉공원에 왔는데 신기한게 생겼네요. 화장실 앞에 반려동물 대기공간이 있어요ㅎㅎㅎ 덕분에 편하게 화장실을 다녀올 수 있었답니다👍🏻",2023-04-03 22:35:54,37.4594870512564,126.662546895236,,,,
도토리,"잠실석촌호수공원이에요~~~ 오늘이 벚꽃 마지막?이라서 그런지 사람들이 많네요ㅎㅎ 시계반대방향으로 걷다가 사람들이랑 부딪혀서 다시 뒤돌아서 똑같이 걸어가는중🤣
#석촌#벚꽃 #일상 ",2023-04-03 21:34:29,37.50971788085217,127.10250059747467,,,,
우리이쁜딸혜림이,ㅇㅇㅇㅇㅇㅇㅇㅇㅇㅇㅇㅇㅇㅇ유어어어아ㅏ아아아ㅏㅏㅏㅏㅏㅏㅏㅏㅏㅏㅇㅇㅇㅇㅇㅇㅇㅇㅇㅇㅇㅇㅇㅇ유어어어아ㅏ아아아ㅏㅏㅏㅏㅏㅏㅏㅏㅏㅏㅇㅇㅇㅇㅇㅇㅇㅇㅇㅇㅇㅇㅇㅇ유어어어아ㅏ아아아ㅏㅏㅏㅏㅏㅏㅏㅏㅏㅏㅇㅇㅇㅇㅇㅇㅇㅇㅇㅇㅇㅇㅇㅇ유어어어아ㅏ아아아ㅏㅏㅏㅏㅏㅏㅏㅏㅏㅏㅇㅇㅇㅇㅇㅇㅇㅇㅇㅇㅇㅇㅇㅇ유어어어아ㅏ아아아ㅏㅏㅏㅏㅏㅏㅏㅏㅏㅏㅇㅇㅇㅇㅇㅇㅇㅇㅇㅇㅇㅇㅇㅇ유어어어아ㅏ아아아ㅏㅏㅏㅏㅏㅏㅏㅏㅏㅏㅇㅇㅇㅇㅇㅇㅇㅇㅇㅇㅇㅇㅇㅇ유어어어아ㅏ아아아ㅏㅏㅏㅏㅏㅏㅏㅏㅏㅏㅇㅇㅇㅇㅇㅇㅇㅇㅇㅇㅇㅇㅇㅇ유어어어아ㅏ아아아ㅏㅏㅏㅏㅏㅏㅏㅏㅏㅏㅇㅇㅇㅇㅇㅇㅇㅇㅇㅇㅇㅇㅇㅇ유어어어아ㅏ아아아ㅏㅏㅏㅏㅏㅏㅏㅏㅏㅏㅇㅇㅇㅇㅇㅇㅇㅇㅇㅇㅇㅇㅇㅇ유어어어아ㅏ아아아ㅏㅏㅏㅏㅏㅏㅏㅏㅏㅏㅇㅇㅇㅇㅇㅇㅇㅇㅇㅇㅇㅇㅇㅇ유어어어아ㅏ아아아ㅏㅏㅏㅏㅏㅏㅏㅏㅏㅏㅇㅇㅇㅇㅇㅇㅇㅇㅇㅇㅇㅇㅇㅇ유어어어아ㅏ아아아ㅏㅏㅏㅏㅏㅏㅏㅏㅏㅏㅇㅇㅇㅇㅇㅇㅇㅇㅇㅇㅇㅇㅇㅇ유어어어아ㅏ아아아ㅏㅏㅏㅏㅏㅏㅏㅏㅏㅏㅇㅇㅇㅇㅇㅇㅇㅇㅇㅇㅇㅇㅇㅇ유어어어아ㅏ아아아ㅏㅏㅏㅏㅏㅏㅏㅏㅏㅏㅇㅇㅇㅇㅇㅇㅇㅇㅇㅇㅇㅇㅇㅇ유어어어아ㅏ아아아ㅏㅏㅏㅏㅏㅏㅏㅏㅏㅏㅇㅇㅇㅇㅇㅇㅇㅇㅇㅇㅇㅇㅇㅇ유어어어아ㅏ아아아ㅏㅏㅏㅏㅏㅏㅏㅏㅏㅏㅇㅇㅇㅇㅇㅇㅇㅇㅇㅇㅇㅇㅇㅇ유어어어아ㅏ아아아ㅏㅏㅏㅏㅏㅏㅏㅏㅏㅏㅇㅇㅇㅇㅇㅇㅇㅇㅇㅇㅇㅇㅇㅇ유어어어아ㅏ아아아ㅏㅏㅏㅏㅏㅏㅏㅏㅏㅏㅇㅇㅇㅇㅇㅇㅇㅇㅇㅇㅇㅇㅇㅇ유어어어아ㅏ아아아ㅏㅏㅏㅏㅏㅏㅏㅏㅏㅏㅇㅇㅇㅇㅇㅇㅇㅇㅇㅇㅇㅇㅇㅇ유어어어아ㅏ아아아ㅏㅏㅏㅏㅏㅏㅏㅏㅏㅏㅇㅇㅇㅇㅇㅇㅇㅇㅇㅇㅇㅇㅇㅇ유어어어아ㅏ아아아ㅏㅏㅏㅏㅏㅏㅏㅏㅏㅏㅇㅇㅇㅇㅇㅇㅇㅇㅇㅇㅇㅇㅇㅇ유어어어아ㅏ아아아ㅏㅏㅏㅏㅏㅏㅏㅏㅏㅏㅇㅇㅇㅇㅇㅇㅇㅇㅇㅇㅇㅇㅇㅇ유어어어아ㅏ아아아ㅏㅏㅏㅏㅏㅏㅏㅏㅏㅏㅇㅇㅇㅇㅇㅇㅇㅇㅇㅇㅇㅇㅇㅇ유어어어아ㅏ아아아ㅏㅏㅏㅏㅏㅏㅏㅏㅏㅏㅇㅇㅇㅇㅇㅇㅇㅇㅇㅇㅇㅇㅇㅇ유어어어아ㅏ아아아ㅏㅏㅏㅏㅏㅏㅏㅏㅏㅏㅇㅇㅇㅇㅇㅇㅇㅇㅇㅇㅇㅇㅇㅇ유어어어아ㅏ아아아ㅏㅏㅏㅏㅏㅏㅏㅏㅏㅏㅇㅇㅇㅇㅇㅇㅇㅇㅇㅇㅇㅇㅇㅇ유어어어아ㅏ아아아ㅏㅏㅏㅏㅏㅏㅏㅏㅏㅏㅇㅇㅇㅇㅇㅇㅇㅇㅇㅇㅇㅇㅇㅇ유어어어아ㅏ아아아ㅏㅏㅏㅏㅏㅏㅏㅏㅏㅏㅇㅇㅇㅇㅇㅇㅇㅇㅇㅇㅇㅇㅇㅇ유어어어아ㅏ아아아ㅏㅏㅏㅏㅏㅏㅏㅏㅏㅏㅇㅇㅇㅇㅇㅇㅇㅇㅇㅇㅇㅇㅇㅇ유어어어아ㅏ아아아ㅏㅏㅏㅏㅏㅏㅏㅏㅏㅏㅇㅇㅇㅇㅇㅇㅇㅇㅇㅇㅇㅇㅇㅇ유어어어아ㅏ아아아ㅏㅏㅏㅏㅏㅏㅏㅏㅏㅏㅇㅇㅇㅇㅇㅇㅇㅇㅇㅇㅇㅇㅇㅇ유어어어아ㅏ아아아ㅏㅏㅏㅏㅏㅏㅏㅏㅏㅏㅇㅇㅇㅇㅇㅇㅇㅇㅇㅇㅇㅇㅇ유어어어아ㅏ아아아ㅏㅏㅏㅏㅏㅏㅏㅏㅏㅏㅇㅇㅇㅇㅇㅇㅇㅇㅇㅇㅇㅇㅇㅇ유어어어아ㅏ아아아ㅏㅏㅏㅏㅏㅏㅏㅏㅏㅏㅇㅇㅇㅇㅇㅇㅇㅇㅇㅇㅇㅇㅇㅇ유어어어아ㅏ아아아ㅏㅏㅏㅏㅏㅏㅏㅏㅏㅏㅇㅇㅇㅇㅇㅇㅇㅇㅇㅇㅇㅇㅇㅇ유어어어아ㅏ아아아ㅏㅏㅏㅏㅏㅏㅏㅏㅏㅏㅇㅇㅇㅇㅇㅇㅇㅇㅇㅇㅇㅇㅇㅇ유어어어아ㅏ아아아ㅏㅏㅏㅏㅏㅏㅏㅏㅏㅏㅇㅇㅇㅇㅇㅇㅇㅇㅇㅇㅇㅇㅇㅇ유어어어아ㅏ아아아ㅏㅏㅏㅏㅏㅏㅏㅏㅏㅏㅇㅇㅇㅇㅇㅇㅇㅇㅇㅇㅇㅇㅇㅇ유어어어아ㅏ아아아ㅏㅏㅏㅏㅏㅏㅏㅏㅏㅏㅇㅇㅇㅇㅇㅇㅇㅇㅇㅇㅇㅇㅇㅇ유어어어아ㅏ아아아ㅏㅏㅏㅏㅏㅏㅏㅏㅏㅏㅇㅇㅇㅇㅇㅇㅇㅇㅇㅇㅇㅇㅇㅇ유어어어아ㅏ아아아ㅏㅏㅏㅏㅏㅏㅏㅏㅏㅏㅇㅇㅇㅇㅇㅇㅇㅇㅇㅇㅇㅇㅇㅇ유어어어아ㅏ아아아ㅏㅏㅏㅏㅏㅏㅏㅏㅏㅏㅇㅇㅇㅇㅇㅇㅇㅇㅇㅇㅇㅇㅇㅇ유어어어아ㅏ아아아ㅏㅏㅏㅏㅏㅏㅏㅏㅏㅏㅇㅇㅇㅇㅇㅇㅇㅇㅇㅇㅇㅇㅇㅇ유어어어아ㅏ아아아ㅏㅏㅏㅏㅏㅏㅏㅏㅏㅏㅇㅇㅇㅇㅇㅇㅇㅇㅇㅇㅇㅇㅇㅇ유어어어아ㅏ아아아ㅏㅏㅏㅏㅏㅏㅏㅏㅏㅏㅇㅇㅇㅇㅇㅇㅇㅇㅇㅇㅇㅇㅇㅇ유어어어아ㅏ아아아ㅏㅏㅏㅏㅏㅏㅏㅏㅏㅏㅇㅇㅇㅇㅇㅇㅇㅇㅇㅇㅇㅇㅇㅇ유어어어아ㅏ아아아ㅏㅏㅏㅏㅏㅏㅏㅏㅏㅏㅇㅇㅇㅇㅇㅇㅇㅇㅇㅇㅇㅇㅇㅇ유어어어아ㅏ아아아ㅏㅏㅏㅏㅏㅏㅏㅏㅏㅏㅇㅇㅇㅇㅇㅇㅇㅇㅇㅇㅇㅇㅇㅇ유어어어아ㅏ아아아ㅏㅏㅏㅏㅏㅏㅏㅏㅏㅏㅇㅇㅇㅇㅇㅇㅇㅇㅇㅇㅇㅇㅇㅇ유어어어아ㅏ아아아ㅏㅏㅏㅏㅏㅏㅏㅏㅏㅏㅇㅇㅇㅇㅇㅇㅇㅇㅇㅇㅇㅇㅇㅇ유어어어아ㅏ아아아ㅏㅏㅏㅏㅏㅏㅏㅏㅏㅏㅇㅇㅇㅇㅇㅇㅇㅇㅇㅇㅇㅇㅇㅇ유어어어아ㅏ아아아ㅏㅏㅏㅏㅏㅏㅏㅏㅏㅏㅇㅇㅇㅇㅇㅇㅇㅇㅇㅇㅇㅇㅇㅇ유어어어아ㅏ아아아ㅏㅏㅏㅏㅏㅏㅏㅏㅏㅏㅇㅇㅇㅇㅇㅇㅇㅇㅇㅇㅇㅇㅇㅇ유어어어아ㅏ아아아ㅏㅏㅏㅏㅏㅏㅏㅏㅏㅏㅇㅇㅇㅇㅇㅇㅇㅇㅇㅇㅇㅇㅇㅇ유어어어아ㅏ아아아ㅏㅏㅏㅏㅏㅏㅏㅏㅏㅏㅇㅇㅇㅇㅇㅇㅇㅇㅇㅇㅇㅇㅇㅇ유어어어아ㅏ아아아ㅏㅏㅏㅏㅏㅏㅏㅏㅏㅏㅇㅇㅇㅇㅇㅇㅇㅇㅇㅇㅇㅇㅇㅇ유어어어아ㅏ아아아ㅏㅏㅏㅏㅏㅏㅏㅏㅏㅏㅇㅇㅇㅇㅇㅇㅇㅇㅇㅇㅇㅇㅇㅇ유어어어아ㅏ아아아ㅏㅏㅏㅏㅏㅏㅏㅏㅏㅏㅇㅇㅇㅇㅇㅇㅇㅇㅇㅇㅇㅇㅇㅇ유어어어아ㅏ아아아ㅏㅏㅏㅏㅏㅏㅏㅏㅏㅏㅇㅇㅇㅇㅇㅇㅇㅇㅇㅇㅇㅇㅇㅇ유어어어아ㅏ아아아ㅏㅏㅏㅏㅏㅏㅏㅏㅏㅏㅇㅇㅇㅇㅇㅇㅇㅇㅇㅇㅇㅇㅇㅇ유어어어아ㅏ아아아ㅏㅏㅏㅏㅏㅏㅏㅏㅏㅏㅇㅇㅇㅇㅇㅇㅇㅇㅇㅇㅇㅇㅇㅇ유어어어아ㅏ아아아ㅏㅏㅏㅏㅏㅏㅏㅏㅏㅏㅇㅇㅇㅇㅇㅇㅇㅇㅇㅇㅇㅇㅇㅇ유어어어아ㅏ아아아ㅏㅏㅏㅏㅏㅏㅏㅏㅏㅏㅇㅇㅇㅇㅇㅇㅇㅇㅇㅇㅇㅇㅇㅇ유어어어아ㅏ아아아ㅏㅏㅏㅏㅏㅏㅏㅏㅏㅏㅇㅇㅇㅇㅇㅇㅇㅇㅇㅇㅇㅇㅇ유어어어아ㅏ아아아ㅏㅏㅏㅏㅏㅏㅏㅏㅏㅏㅇㅇㅇㅇㅇㅇㅇㅇㅇㅇㅇㅇㅇㅇ유어어어아ㅏ아아아ㅏㅏㅏㅏㅏㅏㅏㅏㅏㅏㅇㅇㅇㅇㅇㅇㅇㅇㅇㅇㅇㅇㅇㅇ유어어어아ㅏ아아아ㅏㅏㅏㅏㅏㅏㅏㅏㅏㅏㅇㅇㅇㅇㅇㅇㅇㅇㅇㅇㅇㅇㅇㅇ유어어어아ㅏ아아아ㅏㅏㅏㅏㅏㅏㅏㅏㅏㅏㅇㅇㅇㅇㅇㅇㅇㅇㅇㅇㅇㅇㅇㅇ유어어어아ㅏ아아아ㅏㅏㅏㅏㅏㅏㅏㅏㅏㅏㅇㅇㅇㅇㅇㅇㅇㅇㅇㅇㅇㅇㅇㅇ유어어어아ㅏ아아아ㅏㅏㅏㅏㅏㅏㅏㅏㅏㅏㅇㅇㅇㅇㅇㅇㅇㅇㅇㅇㅇㅇㅇㅇ유어어어아ㅏ아아아ㅏㅏㅏㅏㅏㅏㅏㅏㅏㅏㅇㅇㅇㅇㅇㅇㅇㅇㅇㅇㅇㅇㅇㅇ유어어어아ㅏ아아아ㅏㅏㅏㅏㅏㅏㅏㅏㅏㅏㅇㅇㅇㅇㅇㅇㅇㅇㅇㅇㅇㅇㅇㅇ유어어어아ㅏ아아아ㅏㅏㅏㅏㅏㅏㅏㅏㅏㅏㅇㅇㅇㅇㅇㅇㅇㅇㅇㅇㅇㅇㅇㅇ유어어어아ㅏ아아아ㅏㅏㅏㅏㅏㅏㅏㅏㅏㅏㅇㅇㅇㅇㅇㅇㅇㅇㅇㅇㅇㅇㅇㅇ유어어어아ㅏ아아아ㅏㅏㅏㅏㅏㅏㅏㅏㅏㅏㅇㅇㅇㅇㅇㅇㅇㅇㅇㅇㅇㅇㅇㅇ유어어어아ㅏ아아아ㅏㅏㅏㅏㅏㅏㅏㅏㅏㅏㅇㅇㅇㅇㅇㅇㅇㅇㅇㅇㅇㅇㅇㅇ유어어어아ㅏ아아아ㅏㅏㅏㅏㅏㅏㅏㅏㅏㅏㅇㅇㅇㅇㅇㅇㅇㅇㅇㅇㅇㅇㅇㅇ유어어어아ㅏ아아아ㅏㅏㅏㅏㅏㅏㅏㅏㅏㅏㅇㅇㅇㅇㅇㅇㅇㅇㅇㅇㅇㅇㅇㅇ유어어어아ㅏ아아아ㅏㅏㅏㅏㅏㅏㅏㅏㅏㅏㅇㅇㅇㅇㅇㅇㅇㅇㅇㅇㅇㅇㅇㅇ유어어어아ㅏ아아아ㅏㅏㅏㅏㅏㅏㅏㅏㅏㅏㅇㅇㅇㅇㅇㅇㅇㅇㅇㅇㅇㅇㅇㅇ유어어어아ㅏ아아아ㅏㅏㅏㅏㅏㅏㅏㅏㅏㅏㅇㅇㅇㅇㅇㅇㅇㅇㅇㅇㅇㅇㅇㅇ유어어어아ㅏ아아아ㅏㅏㅏㅏㅏㅏㅏㅏㅏㅏㅇㅇㅇㅇㅇㅇㅇㅇㅇㅇㅇㅇㅇㅇ유어어어아ㅏ아아아ㅏㅏㅏㅏㅏㅏㅏㅏㅏㅏㅇㅇㅇㅇㅇㅇㅇㅇㅇㅇㅇㅇㅇㅇ유어어어아ㅏ아아아ㅏㅏㅏㅏㅏㅏㅏㅏㅏㅏㅇㅇㅇㅇㅇㅇㅇㅇㅇㅇㅇㅇㅇㅇ유어어어아ㅏ아아아ㅏㅏㅏㅏㅏㅏㅏㅏㅏㅏㅇㅇㅇㅇㅇㅇㅇㅇㅇㅇㅇㅇㅇㅇ유어어어아ㅏ아아아ㅏㅏㅏㅏㅏㅏㅏㅏㅏㅏㅇㅇㅇㅇㅇㅇㅇㅇㅇㅇㅇㅇㅇㅇ유어어어아ㅏ아아아ㅏㅏㅏㅏㅏㅏㅏㅏㅏㅏㅇㅇㅇㅇㅇㅇㅇㅇㅇㅇㅇㅇㅇㅇ유어어어아ㅏ아아아ㅏㅏㅏㅏㅏㅏㅏㅏㅏㅏㅇㅇㅇㅇㅇㅇㅇㅇㅇㅇㅇㅇㅇㅇ유어어어아ㅏ아아아ㅏㅏㅏㅏㅏㅏㅏㅏㅏㅏㅇㅇㅇㅇㅇㅇㅇㅇㅇㅇㅇㅇㅇㅇ유어어어아ㅏ아아아ㅏㅏㅏㅏㅏㅏㅏㅏㅏㅏㅇㅇㅇㅇㅇㅇㅇㅇㅇㅇㅇㅇㅇㅇ유어어어아ㅏ아아아ㅏㅏㅏㅏㅏㅏㅏㅏㅏㅏㅇㅇㅇㅇㅇㅇㅇㅇㅇㅇㅇㅇㅇㅇ유어어어아ㅏ아아아ㅏㅏㅏㅏㅏㅏㅏㅏㅏㅏㅇㅇㅇㅇㅇㅇㅇㅇㅇㅇㅇㅇㅇㅇ유어어어아ㅏ아아아ㅏㅏㅏㅏㅏㅏㅏㅏㅏㅏㅇㅇㅇㅇㅇㅇㅇㅇㅇㅇㅇㅇㅇㅇ유어어어아ㅏ아아아ㅏㅏㅏㅏㅏㅏㅏㅏㅏㅏㅇㅇㅇㅇㅇㅇㅇㅇㅇㅇㅇㅇㅇㅇ유어어어아ㅏ아아아ㅏㅏㅏㅏㅏㅏㅏㅏㅏㅏㅇㅇㅇㅇㅇㅇㅇㅇㅇㅇㅇㅇㅇㅇ유어어어아ㅏ아아아ㅏㅏㅏㅏㅏㅏㅏㅏㅏㅏㅇㅇㅇㅇㅇㅇㅇㅇㅇㅇㅇㅇㅇ유어어어아ㅏ아아아ㅏㅏㅏㅏㅏㅏㅏㅏㅏㅏㅇㅇㅇㅇㅇㅇㅇㅇㅇㅇㅇㅇㅇㅇ유어어어아ㅏ아아아ㅏㅏㅏㅏㅏㅏㅏㅏㅏㅏㅇㅇㅇㅇㅇㅇㅇㅇㅇㅇㅇㅇㅇㅇ유어어어아ㅏ아아아ㅏㅏㅏㅏㅏㅏㅏㅏㅏㅏㅇㅇㅇㅇㅇㅇㅇㅇㅇㅇㅇㅇㅇㅇ유어어어아ㅏ아아아ㅏㅏㅏㅏㅏㅏㅏㅏㅏㅏㅇㅇㅇㅇㅇㅇㅇㅇㅇㅇㅇㅇㅇㅇ유어어어아ㅏ아아아ㅏㅏㅏㅏㅏㅏㅏㅏㅏㅏㅇㅇㅇㅇㅇㅇㅇㅇㅇㅇㅇㅇㅇㅇ유어어어아ㅏ아아아ㅏㅏㅏㅏㅏㅏㅏㅏㅏㅏㅇㅇㅇㅇㅇㅇㅇㅇㅇㅇㅇㅇㅇㅇ유어어어아ㅏ아아아ㅏㅏㅏㅏㅏㅏㅏㅏㅏㅏㅇㅇㅇㅇㅇㅇㅇㅇㅇㅇㅇㅇㅇㅇ유어어어아ㅏ아아아ㅏㅏㅏㅏㅏㅏㅏㅏㅏㅏㅇㅇㅇㅇㅇㅇㅇㅇㅇㅇㅇㅇㅇㅇ유어어어아ㅏ아아아ㅏㅏㅏㅏㅏㅏㅏㅏㅏㅏㅇㅇㅇㅇㅇㅇㅇㅇㅇㅇㅇㅇㅇㅇ유어어어아ㅏ아아아ㅏㅏㅏㅏㅏㅏㅏㅏㅏㅏㅇㅇㅇㅇㅇㅇㅇㅇㅇㅇㅇㅇㅇㅇ유어어어아ㅏ아아아ㅏㅏㅏㅏㅏㅏㅏㅏㅏㅏㅇㅇㅇㅇㅇㅇㅇㅇㅇㅇㅇㅇㅇㅇ유어어어아ㅏ아아아ㅏㅏㅏㅏㅏㅏㅏㅏㅏㅏㅇㅇㅇㅇㅇㅇㅇㅇㅇㅇㅇㅇㅇㅇ유어어어아ㅏ아아아ㅏㅏㅏㅏㅏㅏㅏㅏㅏㅏㅇㅇㅇㅇㅇㅇㅇㅇㅇㅇㅇㅇㅇㅇ유어어어아ㅏ아아아ㅏㅏㅏㅏㅏㅏㅏㅏㅏㅏㅇㅇㅇㅇㅇㅇㅇㅇㅇㅇㅇㅇㅇㅇ유어어어아ㅏ아아아ㅏㅏㅏㅏㅏㅏㅏㅏㅏㅏㅇㅇㅇㅇㅇㅇㅇㅇㅇㅇㅇㅇㅇㅇ유어어어아ㅏ아아아ㅏㅏㅏㅏㅏㅏㅏㅏㅏㅏㅇㅇㅇㅇㅇㅇㅇㅇㅇㅇㅇㅇㅇㅇ유어어어아ㅏ아아아ㅏㅏㅏㅏㅏㅏㅏㅏㅏㅏㅇㅇㅇㅇㅇㅇㅇㅇㅇㅇㅇㅇㅇㅇ유어어어아ㅏ아아아ㅏㅏㅏㅏㅏㅏㅏㅏㅏㅏㅇㅇㅇㅇㅇㅇㅇㅇㅇㅇㅇㅇㅇㅇ유어어어아ㅏ아아아ㅏㅏㅏㅏㅏㅏㅏㅏㅏㅏㅇㅇㅇㅇㅇㅇㅇㅇㅇㅇㅇㅇㅇㅇ유어어어아ㅏ아아아ㅏㅏㅏㅏㅏㅏㅏㅏㅏㅏㅇㅇㅇㅇㅇㅇㅇㅇㅇㅇㅇㅇㅇㅇ유어어어아ㅏ아아아ㅏㅏㅏㅏㅏㅏㅏㅏㅏㅏㅇㅇㅇㅇㅇㅇㅇㅇㅇㅇㅇㅇㅇㅇ유어어어아ㅏ아아아ㅏㅏㅏㅏㅏㅏㅏㅏㅏㅏㅇㅇㅇㅇㅇㅇㅇㅇㅇㅇㅇㅇㅇㅇ유어어어아ㅏ아아아ㅏㅏㅏㅏㅏㅏㅏㅏㅏㅏㅇㅇㅇㅇㅇㅇㅇㅇㅇㅇㅇㅇㅇㅇ유어어어아ㅏ아아아ㅏㅏㅏㅏㅏㅏㅏㅏㅏㅏㅇㅇㅇㅇㅇㅇㅇㅇㅇㅇㅇㅇㅇㅇ유어어어아ㅏ아아아ㅏㅏㅏㅏㅏㅏㅏㅏㅏㅏㅇㅇㅇㅇㅇㅇㅇㅇㅇㅇㅇㅇㅇㅇ유어어어아ㅏ아아아ㅏㅏㅏㅏㅏㅏㅏㅏㅏㅏㅇㅇㅇㅇㅇㅇㅇㅇㅇㅇㅇㅇㅇㅇ유어어어아ㅏ아아아ㅏㅏㅏㅏㅏㅏㅏㅏㅏㅏㅇㅇㅇㅇㅇㅇㅇㅇㅇㅇㅇㅇㅇㅇ유어어어아ㅏ아아아ㅏㅏㅏㅏㅏㅏㅏㅏㅏㅏㅇㅇㅇㅇㅇㅇㅇㅇㅇㅇㅇㅇㅇㅇ유어어어아ㅏ아아아ㅏㅏㅏㅏㅏㅏㅏㅏㅏㅏㅇㅇㅇㅇㅇㅇㅇㅇㅇㅇㅇㅇㅇㅇ유어어어아ㅏ아아아ㅏㅏㅏㅏㅏㅏㅏㅏㅏㅏㅇㅇㅇㅇㅇㅇㅇㅇㅇㅇㅇㅇㅇㅇ유어어어아ㅏ아아아ㅏㅏㅏㅏㅏㅏㅏㅏㅏㅏㅇㅇㅇㅇㅇㅇㅇㅇㅇㅇㅇㅇㅇㅇ유어어어아ㅏ아아아ㅏㅏㅏㅏㅏㅏㅏㅏㅏㅏㅇㅇㅇㅇㅇㅇㅇㅇㅇㅇㅇㅇㅇ유어어어아ㅏ아아아ㅏㅏㅏㅏㅏㅏㅏㅏㅏㅏㅇㅇㅇㅇㅇㅇㅇㅇㅇㅇㅇㅇㅇㅇ유어어어아ㅏ아아아ㅏㅏㅏㅏㅏㅏㅏㅏㅏㅏㅇㅇㅇㅇㅇㅇㅇㅇㅇㅇㅇㅇㅇㅇ유어어어아ㅏ아아아ㅏㅏㅏㅏㅏㅏㅏㅏㅏㅏㅇㅇㅇㅇㅇㅇㅇㅇㅇㅇㅇㅇㅇㅇ유어어어아ㅏ아아아ㅏㅏㅏㅏㅏㅏㅏㅏㅏㅏㅇㅇㅇㅇㅇㅇㅇㅇㅇㅇㅇㅇㅇㅇ유어어어아ㅏ아아아ㅏㅏㅏㅏㅏㅏㅏㅏㅏㅏㅇㅇㅇㅇㅇㅇㅇㅇㅇㅇㅇㅇㅇㅇ유어어어아ㅏ아아아ㅏㅏㅏㅏㅏㅏㅏㅏㅏㅏㅇㅇㅇㅇㅇㅇㅇㅇㅇㅇㅇㅇㅇㅇ유어어어아ㅏ아아아ㅏㅏㅏㅏㅏㅏㅏㅏㅏㅏㅇㅇㅇㅇㅇㅇㅇㅇㅇㅇㅇㅇㅇㅇ유어어어아ㅏ아아아ㅏㅏㅏㅏㅏㅏㅏㅏㅏㅏㅇㅇㅇㅇㅇㅇㅇㅇㅇㅇㅇㅇㅇㅇ유어어어아ㅏ아아아ㅏㅏㅏㅏㅏㅏㅏㅏㅏㅏㅇㅇㅇㅇㅇㅇㅇㅇㅇㅇㅇㅇㅇㅇ유어어어아ㅏ아아아ㅏㅏㅏㅏㅏㅏㅏㅏㅏㅏㅇㅇㅇㅇㅇㅇㅇㅇㅇㅇㅇㅇㅇㅇ유어어어아ㅏ아아아ㅏㅏㅏㅏㅏㅏㅏㅏㅏㅏㅇㅇㅇㅇㅇㅇㅇㅇㅇㅇㅇㅇㅇㅇ유어어어아ㅏ아아아ㅏㅏㅏㅏㅏㅏㅏㅏㅏㅏㅇㅇㅇㅇㅇㅇㅇㅇㅇㅇㅇㅇㅇㅇ유어어어아ㅏ아아아ㅏㅏㅏㅏㅏㅏㅏㅏㅏㅏㅇㅇㅇㅇㅇㅇㅇㅇㅇㅇㅇㅇㅇㅇ유어어어아ㅏ아아아ㅏㅏㅏㅏㅏㅏㅏㅏㅏㅏㅇㅇㅇㅇㅇㅇㅇㅇㅇㅇㅇㅇㅇㅇ유어어어아ㅏ아아아ㅏㅏㅏㅏㅏㅏㅏㅏㅏㅏㅇㅇㅇㅇㅇㅇㅇㅇㅇㅇㅇㅇㅇㅇ유어어어아ㅏ아아아ㅏㅏㅏㅏㅏㅏㅏㅏㅏㅏㅇㅇㅇㅇㅇㅇㅇㅇㅇㅇㅇㅇㅇㅇ유어어어아ㅏ아아아ㅏㅏㅏㅏㅏㅏㅏㅏㅏㅏㅇㅇㅇㅇㅇㅇㅇㅇㅇㅇㅇㅇㅇㅇ유어어어아ㅏ아아아ㅏㅏㅏㅏㅏㅏㅏㅏㅏㅏㅇㅇㅇㅇㅇㅇㅇㅇㅇㅇㅇㅇㅇㅇ유어어어아ㅏ아아아ㅏㅏㅏㅏㅏㅏㅏㅏㅏㅏㅇㅇㅇㅇㅇㅇㅇㅇㅇㅇㅇㅇㅇㅇ유어어어아ㅏ아아아ㅏㅏㅏㅏㅏㅏㅏㅏㅏㅏㅇㅇㅇㅇㅇㅇㅇㅇㅇㅇㅇㅇㅇㅇ유어어어아ㅏ아아아ㅏㅏㅏㅏㅏㅏㅏㅏㅏㅏㅇㅇㅇㅇㅇㅇㅇㅇㅇㅇㅇㅇㅇㅇ유어어어아ㅏ아아아ㅏㅏㅏㅏㅏㅏㅏㅏㅏㅏㅇㅇㅇㅇㅇㅇㅇㅇㅇㅇㅇㅇㅇㅇ유어어어아ㅏ아아아ㅏㅏㅏㅏㅏㅏㅏㅏㅏㅏㅇㅇㅇㅇㅇㅇㅇㅇㅇㅇㅇㅇㅇㅇ유어어어아ㅏ아아아ㅏㅏㅏㅏㅏㅏㅏㅏㅏㅏㅇㅇㅇㅇㅇㅇㅇㅇㅇㅇㅇㅇㅇㅇ유어어어아ㅏ아아아ㅏㅏㅏㅏㅏㅏㅏㅏㅏㅏㅇㅇㅇㅇㅇㅇㅇㅇㅇㅇㅇㅇㅇㅇ유어어어아ㅏ아아아ㅏㅏㅏㅏㅏㅏㅏㅏㅏㅏㅇㅇㅇㅇㅇㅇㅇㅇㅇㅇㅇㅇㅇㅇ유어어어아ㅏ아아아ㅏㅏㅏㅏㅏㅏㅏㅏㅏㅏㅇㅇㅇㅇㅇㅇㅇㅇㅇㅇㅇㅇㅇㅇ유어어어아ㅏ아아아ㅏㅏㅏㅏㅏㅏㅏㅏㅏㅏㅇㅇㅇㅇㅇㅇㅇㅇㅇㅇㅇㅇㅇㅇ유어어어아ㅏ아아아ㅏㅏㅏㅏㅏㅏㅏㅏㅏㅏㅇㅇㅇㅇㅇㅇㅇㅇㅇㅇㅇㅇㅇㅇ유어어어아ㅏ아아아ㅏㅏㅏㅏㅏㅏㅏㅏㅏㅏㅇㅇㅇㅇㅇㅇㅇㅇㅇㅇㅇㅇㅇㅇ유어어어아ㅏ아아아ㅏㅏㅏㅏㅏㅏㅏㅏㅏㅏㅇㅇㅇㅇㅇㅇㅇㅇㅇㅇㅇㅇㅇㅇ유어어어아ㅏ아아아ㅏㅏㅏㅏㅏㅏㅏㅏㅏㅏㅇㅇㅇㅇㅇㅇㅇㅇㅇㅇㅇㅇㅇ유어어어아ㅏ아아아ㅏㅏㅏㅏㅏㅏㅏㅏㅏㅏㅇㅇㅇㅇㅇㅇㅇㅇㅇㅇㅇㅇㅇㅇ유어어어아ㅏ아아아ㅏㅏㅏㅏㅏㅏㅏㅏㅏㅏㅇㅇㅇㅇㅇㅇㅇㅇㅇㅇㅇㅇㅇㅇ유어어어아ㅏ아아아ㅏㅏㅏㅏㅏㅏㅏㅏㅏㅏㅇㅇㅇㅇㅇㅇㅇㅇㅇㅇㅇㅇㅇㅇ유어어어아ㅏ아아아ㅏㅏㅏㅏㅏㅏㅏㅏㅏㅏㅇㅇㅇㅇㅇㅇㅇㅇㅇㅇㅇㅇㅇㅇ유어어어아ㅏ아아아ㅏㅏㅏㅏㅏㅏㅏㅏㅏㅏㅇㅇㅇㅇㅇㅇㅇㅇㅇㅇㅇㅇㅇㅇ유어어어아ㅏ아아아ㅏㅏㅏㅏㅏㅏㅏㅏㅏㅏㅇㅇㅇㅇㅇㅇㅇㅇㅇㅇㅇㅇㅇㅇ유어어어아ㅏ아아아ㅏㅏㅏㅏㅏㅏㅏㅏㅏㅏㅇㅇㅇㅇㅇㅇㅇㅇㅇㅇㅇㅇㅇㅇ유어어어아ㅏ아아아ㅏㅏㅏㅏㅏㅏㅏㅏㅏㅏㅇㅇㅇㅇㅇㅇㅇㅇㅇㅇㅇㅇㅇㅇ유어어어아ㅏ아아아ㅏㅏㅏㅏㅏㅏㅏㅏㅏㅏㅇㅇㅇㅇㅇㅇㅇㅇㅇㅇㅇㅇㅇㅇ유어어어아ㅏ아아아ㅏㅏㅏㅏㅏㅏㅏㅏㅏㅏㅇㅇㅇㅇㅇㅇㅇㅇㅇㅇㅇㅇㅇㅇ유어어어아ㅏ아아아ㅏㅏㅏㅏㅏㅏㅏㅏㅏㅏㅇㅇㅇㅇㅇㅇㅇㅇㅇㅇㅇㅇㅇㅇ유어어어아ㅏ아아아ㅏㅏㅏㅏㅏㅏㅏㅏㅏㅏㅇㅇㅇㅇㅇㅇㅇㅇㅇㅇㅇㅇㅇㅇ유어어어아ㅏ아아아ㅏㅏㅏㅏㅏㅏㅏㅏㅏㅏㅇㅇㅇㅇㅇㅇㅇㅇㅇㅇㅇㅇㅇㅇ유어어어아ㅏ아아아ㅏㅏㅏㅏㅏㅏㅏㅏㅏㅏㅇㅇㅇㅇㅇㅇㅇㅇㅇㅇㅇㅇㅇㅇ유어어어아ㅏ아아아ㅏㅏㅏㅏㅏㅏㅏㅏㅏㅏㅇㅇㅇㅇㅇㅇㅇㅇㅇㅇㅇㅇㅇㅇ유어어어아ㅏ아아아ㅏㅏㅏㅏㅏㅏㅏㅏㅏㅏㅇㅇㅇㅇㅇㅇㅇㅇㅇㅇㅇㅇㅇㅇ유어어어아ㅏ아아아ㅏㅏㅏㅏㅏㅏㅏㅏㅏㅏㅇㅇㅇㅇㅇㅇㅇㅇㅇㅇㅇㅇㅇㅇ유어어어아ㅏ아아아ㅏㅏㅏㅏㅏㅏㅏㅏㅏㅏㅇㅇㅇㅇㅇㅇㅇㅇㅇㅇㅇㅇㅇㅇ유어어어아ㅏ아아아ㅏㅏㅏㅏㅏㅏㅏㅏㅏㅏㅇㅇㅇㅇㅇㅇㅇㅇㅇㅇㅇㅇㅇㅇ유어어어아ㅏ아아아ㅏㅏㅏㅏㅏㅏㅏㅏㅏㅏㅇㅇㅇㅇㅇㅇㅇㅇㅇㅇㅇㅇㅇㅇ유어어어아ㅏ아아아ㅏㅏㅏㅏㅏㅏㅏㅏㅏㅏㅇㅇㅇㅇㅇㅇㅇㅇㅇㅇㅇㅇㅇㅇ유어어어아ㅏ아아아ㅏㅏㅏㅏㅏㅏㅏㅏㅏㅏㅇㅇㅇㅇㅇㅇㅇㅇㅇㅇㅇㅇㅇㅇ유어어어아ㅏ아아아ㅏㅏㅏㅏㅏㅏㅏㅏㅏㅏㅇㅇㅇㅇㅇㅇㅇㅇㅇㅇㅇㅇㅇㅇ유어어어아ㅏ아아아ㅏㅏㅏㅏㅏㅏㅏㅏㅏㅏㅇㅇㅇㅇㅇㅇㅇㅇㅇㅇㅇㅇㅇㅇ유어어어아ㅏ아아아ㅏㅏㅏㅏㅏㅏㅏㅏㅏㅏㅇㅇㅇㅇㅇㅇㅇㅇㅇㅇㅇㅇㅇㅇ유어어어아ㅏ아아아ㅏㅏㅏㅏㅏㅏㅏㅏㅏㅏㅇㅇㅇㅇㅇㅇㅇㅇㅇㅇㅇㅇㅇㅇ유어어어아ㅏ아아아ㅏㅏㅏㅏㅏㅏㅏㅏㅏㅏㅇㅇㅇㅇㅇㅇㅇㅇㅇㅇㅇㅇㅇㅇ유어어어아ㅏ아아아ㅏㅏㅏㅏㅏㅏㅏㅏㅏㅏㅇㅇㅇㅇㅇㅇㅇㅇㅇㅇㅇㅇㅇㅇ유어어어아ㅏ아아아ㅏㅏㅏㅏㅏㅏㅏㅏㅏㅏㅇㅇㅇㅇㅇㅇㅇㅇㅇㅇㅇㅇㅇㅇ유어어어아ㅏ아아아ㅏㅏㅏㅏㅏㅏㅏㅏㅏㅏㅇㅇㅇㅇㅇㅇㅇㅇㅇㅇㅇㅇㅇㅇ유어어어아ㅏ아아아ㅏㅏㅏㅏㅏㅏㅏㅏㅏㅏㅇㅇㅇㅇㅇㅇㅇㅇㅇㅇㅇㅇㅇㅇ유어어어아ㅏ아아아ㅏㅏㅏㅏㅏㅏㅏㅏㅏㅏㅇㅇㅇㅇㅇㅇㅇㅇㅇㅇㅇㅇㅇ유어어어아ㅏ아아아ㅏㅏㅏㅏㅏㅏㅏㅏㅏㅏㅇㅇㅇㅇㅇㅇㅇㅇㅇㅇㅇㅇㅇㅇ유어어어아ㅏ아아아ㅏㅏㅏㅏㅏㅏㅏㅏㅏㅏㅇㅇㅇㅇㅇㅇㅇㅇㅇㅇㅇㅇㅇㅇ유어어어아ㅏ아아아ㅏㅏㅏㅏㅏㅏㅏㅏㅏㅏㅇㅇㅇㅇㅇㅇㅇㅇㅇㅇㅇㅇㅇㅇ유어어어아ㅏ아아아ㅏㅏㅏㅏㅏㅏㅏㅏㅏㅏㅇㅇㅇㅇㅇㅇㅇㅇㅇㅇㅇㅇㅇㅇ유어어어아ㅏ아아아ㅏㅏㅏㅏㅏㅏㅏㅏㅏㅏㅇㅇㅇㅇㅇㅇㅇㅇㅇㅇㅇㅇㅇㅇ유어어어아ㅏ아아아ㅏㅏㅏㅏㅏㅏㅏㅏㅏㅏㅇㅇㅇㅇㅇㅇㅇㅇㅇㅇㅇㅇㅇㅇ유어어어아ㅏ아아아ㅏㅏㅏㅏㅏㅏㅏㅏㅏㅏㅇㅇㅇㅇㅇㅇㅇㅇㅇㅇㅇㅇㅇㅇ유어어어아ㅏ아아아ㅏㅏㅏㅏㅏㅏㅏㅏㅏㅏㅇㅇㅇㅇㅇㅇㅇㅇㅇㅇㅇㅇㅇㅇ유어어어아ㅏ아아아ㅏㅏㅏㅏㅏㅏㅏㅏㅏㅏㅇㅇㅇㅇㅇㅇㅇㅇㅇㅇㅇㅇㅇㅇ유어어어아ㅏ아아아ㅏㅏㅏㅏㅏㅏㅏㅏㅏㅏㅇㅇㅇㅇㅇㅇㅇㅇㅇㅇㅇㅇㅇㅇ유어어어아ㅏ아아아ㅏㅏㅏㅏㅏㅏㅏㅏㅏㅏㅇㅇㅇㅇㅇㅇㅇㅇㅇㅇㅇㅇㅇㅇ유어어어아ㅏ아아아ㅏㅏㅏㅏㅏㅏㅏㅏㅏㅏㅇㅇㅇㅇㅇㅇㅇㅇㅇㅇㅇㅇㅇㅇ유어어어아ㅏ아아아ㅏㅏㅏㅏㅏㅏㅏㅏㅏㅏㅇㅇㅇㅇㅇㅇㅇㅇㅇㅇㅇㅇㅇㅇ유어어어아ㅏ아아아ㅏㅏㅏㅏㅏㅏㅏㅏㅏㅏㅇㅇㅇㅇㅇㅇㅇㅇㅇㅇㅇㅇㅇㅇ유어어어아ㅏ아아아ㅏㅏㅏㅏㅏㅏㅏㅏㅏㅏㅇㅇㅇㅇㅇㅇㅇㅇㅇㅇㅇㅇㅇㅇ유어어어아ㅏ아아아ㅏㅏㅏㅏㅏㅏㅏㅏㅏㅏㅇㅇㅇㅇㅇㅇㅇㅇㅇㅇㅇㅇㅇㅇ유어어어아ㅏ아아아ㅏㅏㅏㅏㅏㅏㅏㅏㅏㅏㅇㅇㅇㅇㅇㅇㅇㅇㅇㅇㅇㅇㅇㅇ유어어어아ㅏ아아아ㅏㅏㅏㅏㅏㅏㅏㅏㅏㅏㅇㅇㅇㅇㅇㅇㅇㅇㅇㅇㅇㅇㅇㅇ유어어어아ㅏ아아아ㅏㅏㅏㅏㅏㅏㅏㅏㅏㅏㅇㅇㅇㅇㅇㅇㅇㅇㅇㅇㅇㅇㅇㅇ유어어어아ㅏ아아아ㅏㅏㅏㅏㅏㅏㅏㅏㅏㅏㅇㅇㅇㅇㅇㅇㅇㅇㅇㅇㅇㅇㅇㅇ유어어어아ㅏ아아아ㅏㅏㅏㅏㅏㅏㅏㅏㅏㅏㅇㅇㅇㅇㅇㅇㅇㅇㅇㅇㅇㅇㅇㅇ유어어어아ㅏ아아아ㅏㅏㅏㅏㅏㅏㅏㅏㅏㅏㅇㅇㅇㅇㅇㅇㅇㅇㅇㅇㅇㅇㅇㅇ유어어어아ㅏ아아아ㅏㅏㅏㅏㅏㅏㅏㅏㅏㅏㅇㅇㅇㅇㅇㅇㅇㅇㅇㅇㅇㅇㅇㅇ유어어어아ㅏ아아아ㅏㅏㅏㅏㅏㅏㅏㅏㅏㅏㅇㅇㅇㅇㅇㅇㅇㅇㅇㅇㅇㅇㅇㅇ유어어어아ㅏ아아아ㅏㅏㅏㅏㅏㅏㅏㅏㅏㅏㅇㅇㅇㅇㅇㅇㅇㅇㅇㅇㅇㅇㅇㅇ유어어어아ㅏ아아아ㅏㅏㅏㅏㅏㅏㅏㅏㅏㅏㅇㅇㅇㅇㅇㅇㅇㅇㅇㅇㅇㅇㅇㅇ유어어어아ㅏ아아아ㅏㅏㅏㅏㅏㅏㅏㅏㅏㅏㅇㅇㅇㅇㅇㅇㅇㅇㅇㅇㅇㅇㅇㅇ유어어어아ㅏ아아아ㅏㅏㅏㅏㅏㅏㅏㅏㅏㅏㅇㅇㅇㅇㅇㅇㅇㅇㅇㅇㅇㅇㅇㅇ유어어어아ㅏ아아아ㅏㅏㅏㅏㅏㅏㅏㅏㅏㅏㅇㅇㅇㅇㅇㅇㅇㅇㅇㅇㅇㅇㅇㅇ유어어어아ㅏ아아아ㅏㅏㅏㅏㅏㅏㅏㅏㅏㅏㅇㅇㅇㅇㅇㅇㅇㅇㅇㅇㅇㅇㅇㅇ유어어어아ㅏ아아아ㅏㅏㅏㅏㅏㅏㅏㅏㅏㅏㅇㅇㅇㅇㅇㅇㅇㅇㅇㅇㅇㅇㅇㅇ유어어어아ㅏ아아아ㅏㅏㅏㅏㅏㅏㅏㅏㅏㅏㅇㅇㅇㅇㅇㅇㅇㅇㅇㅇㅇㅇㅇ유어어어아ㅏ아아아ㅏㅏㅏㅏㅏㅏㅏㅏㅏㅏㅇㅇㅇㅇㅇㅇㅇㅇㅇㅇㅇㅇㅇㅇ유어어어아ㅏ아아아ㅏㅏㅏㅏㅏㅏㅏㅏㅏㅏㅇㅇㅇㅇㅇㅇㅇㅇㅇㅇㅇㅇㅇㅇ유어어어아ㅏ아아아ㅏㅏㅏㅏㅏㅏㅏㅏㅏㅏㅇㅇㅇㅇㅇㅇㅇㅇㅇㅇㅇㅇㅇㅇ유어어어아ㅏ아아아ㅏㅏㅏㅏㅏㅏㅏㅏㅏㅏㅇㅇㅇㅇㅇㅇㅇㅇㅇㅇㅇㅇㅇㅇ유어어어아ㅏ아아아ㅏㅏㅏㅏㅏㅏㅏㅏㅏㅏㅇㅇㅇㅇㅇㅇㅇㅇㅇㅇㅇㅇㅇㅇ유어어어아ㅏ아아아ㅏㅏㅏㅏㅏㅏㅏㅏㅏㅏㅇㅇㅇㅇㅇㅇㅇㅇㅇㅇㅇㅇㅇㅇ유어어어아ㅏ아아아ㅏㅏㅏㅏㅏㅏㅏㅏㅏㅏㅇㅇㅇㅇㅇㅇㅇㅇㅇㅇㅇㅇㅇㅇ유어어어아ㅏ아아아ㅏㅏㅏㅏㅏㅏㅏㅏㅏㅏㅇㅇㅇㅇㅇㅇㅇㅇㅇㅇㅇㅇㅇㅇ유어어어아ㅏ아아아ㅏㅏㅏㅏㅏㅏㅏㅏㅏㅏㅇㅇㅇㅇㅇㅇㅇㅇㅇㅇㅇㅇㅇㅇ유어어어아ㅏ아아아ㅏㅏㅏㅏㅏㅏㅏㅏㅏㅏㅇㅇㅇㅇㅇㅇㅇㅇㅇㅇㅇㅇㅇㅇ유어어어아ㅏ아아아ㅏㅏㅏㅏㅏㅏㅏㅏㅏㅏㅇㅇㅇㅇㅇㅇㅇㅇㅇㅇㅇㅇㅇㅇ유어어어아ㅏ아아아ㅏㅏㅏㅏㅏㅏㅏㅏㅏㅏㅇㅇㅇㅇㅇㅇㅇㅇㅇㅇㅇㅇㅇㅇ유어어어아ㅏ아아아ㅏㅏㅏㅏㅏㅏㅏㅏㅏㅏㅇㅇㅇㅇㅇㅇㅇㅇㅇㅇㅇㅇㅇㅇ유어어어아ㅏ아아아ㅏㅏㅏㅏㅏㅏㅏㅏㅏㅏㅇㅇㅇㅇㅇㅇㅇㅇㅇㅇㅇㅇㅇㅇ유어어어아ㅏ아아아ㅏㅏㅏㅏㅏㅏㅏㅏㅏㅏㅇㅇㅇㅇㅇㅇㅇㅇㅇㅇㅇㅇㅇㅇ유어어어아ㅏ아아아ㅏㅏㅏㅏㅏㅏㅏㅏㅏㅏㅇㅇㅇㅇㅇㅇㅇㅇㅇㅇㅇㅇㅇㅇ유어어어아ㅏ아아아ㅏㅏㅏㅏㅏㅏㅏㅏㅏㅏㅇㅇㅇㅇㅇㅇㅇㅇㅇㅇㅇㅇㅇㅇ유어어어아ㅏ아아아ㅏㅏㅏㅏㅏㅏㅏㅏㅏㅏㅇㅇㅇㅇㅇㅇㅇㅇㅇㅇㅇㅇㅇㅇ유어어어아ㅏ아아아ㅏㅏㅏㅏㅏㅏㅏㅏㅏㅏㅇㅇㅇㅇㅇㅇㅇㅇㅇㅇㅇㅇㅇㅇ유어어어아ㅏ아아아ㅏㅏㅏㅏㅏㅏㅏㅏㅏㅏㅇㅇㅇㅇㅇㅇㅇㅇㅇㅇㅇㅇㅇㅇ유어어어아ㅏ아아아ㅏㅏㅏㅏㅏㅏㅏㅏㅏㅏㅇㅇㅇㅇㅇㅇㅇㅇㅇㅇㅇㅇㅇㅇ유어어어아ㅏ아아아ㅏㅏㅏㅏㅏㅏㅏㅏㅏㅏㅇㅇㅇㅇㅇㅇㅇㅇㅇㅇㅇㅇㅇㅇ유어어어아ㅏ아아아ㅏㅏㅏㅏㅏㅏㅏㅏㅏㅏㅇㅇㅇㅇㅇㅇㅇㅇㅇㅇㅇㅇㅇㅇ유어어어아ㅏ아아아ㅏㅏㅏㅏㅏㅏㅏㅏㅏㅏㅇㅇㅇㅇㅇㅇㅇㅇㅇㅇㅇㅇㅇㅇ유어어어아ㅏ아아아ㅏㅏㅏㅏㅏㅏㅏㅏㅏㅏㅇㅇㅇㅇㅇㅇㅇㅇㅇㅇㅇㅇㅇㅇ유어어어아ㅏ아아아ㅏㅏㅏㅏㅏㅏㅏㅏㅏㅏㅇㅇㅇㅇㅇㅇㅇㅇㅇㅇㅇㅇㅇㅇ유어어어아ㅏ아아아ㅏㅏㅏㅏㅏㅏㅏㅏㅏㅏㅇㅇㅇㅇㅇㅇㅇㅇㅇㅇㅇㅇㅇㅇ유어어어아ㅏ아아아ㅏㅏㅏㅏㅏㅏㅏㅏㅏㅏㅇㅇㅇㅇㅇㅇㅇㅇㅇㅇㅇㅇㅇㅇ유어어어아ㅏ아아아ㅏㅏㅏㅏㅏㅏㅏㅏㅏㅏㅇㅇㅇㅇㅇㅇㅇㅇㅇㅇㅇㅇㅇㅇ유어어어아ㅏ아아아ㅏㅏㅏㅏㅏㅏㅏㅏㅏㅏㅇㅇㅇㅇㅇㅇㅇㅇㅇㅇㅇㅇㅇㅇ유어어어아ㅏ아아아ㅏㅏㅏㅏㅏㅏㅏㅏㅏㅏㅇㅇㅇㅇㅇㅇㅇㅇㅇㅇㅇㅇㅇㅇ유어어어아ㅏ아아아ㅏㅏㅏㅏㅏㅏㅏㅏㅏㅏㅇㅇㅇㅇㅇㅇㅇㅇㅇㅇㅇㅇㅇ유어어어아ㅏ아아아ㅏㅏㅏㅏㅏㅏㅏㅏㅏㅏㅇㅇㅇㅇㅇㅇㅇㅇㅇㅇㅇㅇㅇㅇ유어어어아ㅏ아아아ㅏㅏㅏㅏㅏㅏㅏㅏㅏㅏㅇㅇㅇㅇㅇㅇㅇㅇㅇㅇㅇㅇㅇㅇ유어어어아ㅏ아아아ㅏㅏㅏㅏㅏㅏㅏㅏㅏㅏㅇㅇㅇㅇㅇㅇㅇㅇㅇㅇㅇㅇㅇㅇ유어어어아ㅏ아아아ㅏㅏㅏㅏㅏㅏㅏㅏㅏㅏㅇㅇㅇㅇㅇㅇㅇㅇㅇㅇㅇㅇㅇㅇ유어어어아ㅏ아아아ㅏㅏㅏㅏㅏㅏㅏㅏㅏㅏㅇㅇㅇㅇㅇㅇㅇㅇㅇㅇㅇㅇㅇㅇ유어어어아ㅏ아아아ㅏㅏㅏㅏㅏㅏㅏㅏㅏㅏㅇㅇㅇㅇㅇㅇㅇㅇㅇㅇㅇㅇㅇㅇ유어어어아ㅏ아아아ㅏㅏㅏㅏㅏㅏㅏㅏㅏㅏㅇㅇㅇㅇㅇㅇㅇㅇㅇㅇㅇㅇㅇㅇ유어어어아ㅏ아아아ㅏㅏㅏㅏㅏㅏㅏㅏㅏㅏㅇㅇㅇㅇㅇㅇㅇㅇㅇㅇㅇㅇㅇㅇ유어어어아ㅏ아아아ㅏㅏㅏㅏㅏㅏㅏㅏㅏㅏㅇㅇㅇㅇㅇㅇㅇㅇㅇㅇㅇㅇㅇㅇ유어어어아ㅏ아아아ㅏㅏㅏㅏㅏㅏㅏㅏㅏㅏㅇㅇㅇㅇㅇㅇㅇㅇㅇㅇㅇㅇㅇㅇ유어어어아ㅏ아아아ㅏㅏㅏㅏㅏㅏㅏㅏㅏㅏㅇㅇㅇㅇㅇㅇㅇㅇㅇㅇㅇㅇㅇㅇ유어어어아ㅏ아아아ㅏㅏㅏㅏㅏㅏㅏㅏㅏㅏㅇㅇㅇㅇㅇㅇㅇㅇㅇㅇㅇㅇㅇㅇ유어어어아ㅏ아아아ㅏㅏㅏㅏㅏㅏㅏㅏㅏㅏㅇㅇㅇㅇㅇㅇㅇㅇㅇㅇㅇㅇㅇㅇ유어어어아ㅏ아아아ㅏㅏㅏㅏㅏㅏㅏㅏㅏㅏㅇㅇㅇㅇㅇㅇㅇㅇㅇㅇㅇㅇㅇㅇ유어어어아ㅏ아아아ㅏㅏㅏㅏㅏㅏㅏㅏㅏㅏㅇㅇㅇㅇㅇㅇㅇㅇㅇㅇㅇㅇㅇㅇ유어어어아ㅏ아아아ㅏㅏㅏㅏㅏㅏㅏㅏㅏㅏㅇㅇㅇㅇㅇㅇㅇㅇㅇㅇㅇㅇㅇㅇ유어어어아ㅏ아아아ㅏㅏㅏㅏㅏㅏㅏㅏㅏㅏㅇㅇㅇㅇㅇㅇㅇㅇㅇㅇㅇㅇㅇㅇ유어어어아ㅏ아아아ㅏㅏㅏㅏㅏㅏㅏㅏㅏㅏㅇㅇㅇㅇㅇㅇㅇㅇㅇㅇㅇㅇㅇㅇ유어어어아ㅏ아아아ㅏㅏㅏㅏㅏㅏㅏㅏㅏㅏㅇㅇㅇㅇㅇㅇㅇㅇㅇㅇㅇㅇㅇㅇ유어어어아ㅏ아아아ㅏㅏㅏㅏㅏㅏㅏㅏㅏㅏㅇㅇㅇㅇㅇㅇㅇㅇㅇㅇㅇㅇㅇㅇ유어어어아ㅏ아아아ㅏㅏㅏㅏㅏㅏㅏㅏㅏㅏㅇㅇㅇㅇㅇㅇㅇㅇㅇㅇㅇㅇㅇㅇ유어어어아ㅏ아아아ㅏㅏㅏㅏㅏㅏㅏㅏㅏㅏㅇㅇㅇㅇㅇㅇㅇㅇㅇㅇㅇㅇㅇㅇ유어어어아ㅏ아아아ㅏㅏㅏㅏㅏㅏㅏㅏㅏㅏㅇㅇㅇㅇㅇㅇㅇㅇㅇㅇㅇㅇㅇㅇ유어어어아ㅏ아아아ㅏㅏㅏㅏㅏㅏㅏㅏㅏㅏㅇㅇㅇㅇㅇㅇㅇㅇㅇㅇㅇㅇㅇㅇ유어어어아ㅏ아아아ㅏㅏㅏㅏㅏㅏㅏㅏㅏㅏㅇㅇㅇㅇㅇㅇㅇㅇㅇㅇㅇㅇㅇㅇ유어어어아ㅏ아아아ㅏㅏㅏㅏㅏㅏㅏㅏㅏㅏㅇㅇㅇㅇㅇㅇㅇㅇㅇㅇㅇㅇㅇㅇ유어어어아ㅏ아아아ㅏㅏㅏㅏㅏㅏㅏㅏㅏㅏㅇㅇㅇㅇㅇㅇㅇㅇㅇㅇㅇㅇㅇㅇ유어어어아ㅏ아아아ㅏㅏㅏㅏㅏㅏㅏㅏㅏㅏㅇㅇㅇㅇㅇㅇㅇㅇㅇㅇㅇㅇㅇㅇ유어어어아ㅏ아아아ㅏㅏㅏㅏㅏㅏㅏㅏㅏㅏㅇㅇㅇㅇㅇㅇㅇㅇㅇㅇㅇㅇㅇㅇ유어어어아ㅏ아아아ㅏㅏㅏㅏㅏㅏㅏㅏㅏㅏㅇㅇㅇㅇㅇㅇㅇㅇㅇㅇㅇㅇㅇㅇ유어어어아ㅏ아아아ㅏㅏㅏㅏㅏㅏㅏㅏㅏㅏㅇㅇㅇㅇㅇㅇㅇㅇㅇㅇㅇㅇㅇㅇ유어어어아ㅏ아아아ㅏㅏㅏㅏㅏㅏㅏㅏㅏㅏㅏㅏㅏㅏㅏㅏㅏㅏㅏㅏ나아ㅏ아ㅏ아ㅏㅏㅏㅏㅏㅏㅏㅏㅏㅏㅏㅏㅏㅏㅏㅏㅏㅏㅏㅏㅏㅏㅏㅏㅏㅏㅏㅏㅏㅏ,2023-04-03 21:34:01,37.67880517417976,127.04405869357848,,,,
검은고양이, #교통 불광역 사거리 현재 교통은 원활한 편 입니다. 연신내에서 넘어오는 차량이 끊임 없이 이어지네요,2023-04-03 21:23:06,37.609999934246396,126.92938772041995,,,,
우리이쁜딸혜림이, #함께하는일상 #경사로 ㅇ,2023-04-03 21:22:53,37.67754576390094,127.04493040741418,,,,
우리이쁜딸혜림이, #함께하는일상 #경사로     ㅇ,2023-04-03 21:22:52,37.67754576390094,127.04493040741418,,,,
우리이쁜딸혜림이, #함께하는일상 #경사로   ㅇ,2023-04-03 21:22:50,37.67754576390094,127.04493040741418,,,,
우리이쁜딸혜림이, #함께하는일상 #경사로 ㅇ,2023-04-03 21:22:49,37.67754576390094,127.04493040741418,,,,
우리이쁜딸혜림이, #함께하는일상 #경사로 ㅇㅇㅇㅇㅇㅇㅇㅇㅇㅇㅇㅇㅇㅇ,2023-04-03 21:14:23,37.6891517269417,127.04656564327229,,,,
우리이쁜딸혜림이, #함께하는일상 #경사로 ㅇㅇㅇㅇㅇㅇㅇㅇㅇㅇㅇㅇㅇㅇ,2023-04-03 21:14:20,37.6891517269417,127.04656564327229,,,,
우리이쁜딸혜림이, #함께하는일상 #경사로   ㅇㅇㅇㅇㅇㅇㅇㅇㅇㅇㅇㅇㅇㅇ,2023-04-03 21:14:18,37.6891517269417,127.04656564327229,,,,
우리이쁜딸혜림이, #함께하는일상 #경사로 ㅇㅇ,2023-04-03 21:14:14,37.6891517269417,127.04656564327229,,,,
우리이쁜딸혜림이, #함께하는일상 #경사로 ㅇㅇ,2023-04-03 21:14:10,37.6891517269417,127.04656564327229,,,,
우리이쁜딸혜림이, #함께하는일상 #경사로 ㅇ,2023-04-03 21:14:03,37.6891517269417,127.04656564327229,,,,
우리이쁜딸혜림이, #함께하는일상 #경사로 ㅇ,2023-04-03 21:14:01,37.6891517269417,127.04656564327229,,,,
우리이쁜딸혜림이, #날씨 ,2023-04-03 21:13:36,37.68901028276519,127.04671157758027,,,,
우리이쁜딸혜림이,하계역  7호선 사람이 적당히 있네요,2023-04-03 21:02:52,37.54043358098764,127.0710763508527,,,,
아이언맨," #일상 오늘 저녁은 가볍에 맥주한잔했어요. 북어를 신기하게 팔더라구요. 사진에 없지만 치킨, 계란말이, 번데기탕도 먹었어요",2023-04-03 20:46:33,37.567298913816,126.983573680449,,,,
랜디, #교통  #일상 #노량진역 #해커스공무원학원 #중앙버스 #일반쓰레기 #재활용품,2023-04-03 20:39:24,37.513749392358385,126.94385637467491,,,,
아이언맨, #교통 아까는 많이 막히던 도로인데 퇴근 시간 2시간만 지나면 바로 한가해 지네요~,2023-04-03 20:26:54,37.56857103671652,126.98281304922605,,,,
아이언맨, #교통 종각역 근처 교통 엄청 막혀요. 퇴근시간은 어디든지 막히나봐요! 여의도보다 심한듯해요,2023-04-03 18:53:22,37.5689658243559,126.98308839474524,,,,
검은고양이, #일상 오늘 점심은 야마야에서 치킨정식같은거 먹었어요. 좀 짰지만 치킨은 뭔들~~,2023-04-03 18:37:14,37.5246544048455,126.923476495426,,,,
아이언맨, #교통 오랜만에 버스를 타는데 6시가 넘어도 어둡지 않네요. 퇴근차량 엄청 많아서 차 막힐듯해요ㅠ,2023-04-03 18:15:19,37.527022738975965,126.92719476309318,,,,
검은고양이, #교통 더현대서울 앞 퇴근하는 사람들 버스기디리고있어요. 엄청 많아요 사람~~,2023-04-03 18:11:14,37.525872071029134,126.92844612411159,,,,
호랑, #경부고속철도서울민자역사,2023-04-03 16:51:36,37.5546788388674,126.970606917394,,,,
호랑,비타민 #가양역_더스카이밸리5차_지식산업센터,2023-04-03 16:50:12,37.5602235,126.8555811,,,,
호랑, #가양역_더스카이밸리5차_지식산업센터,2023-04-03 16:48:50,37.5602235,126.8555811,,,,
호랑,ㅇㅅㅇ #가양역_더스카이밸리5차_지식산업센터,2023-04-03 16:48:34,37.5602189,126.8555622,,,,
검은고양이, #날씨 여의도 날씨가 너~~무 좋네요. 햇살도 따듯하고 바람도 솔솔 불어요,2023-04-03 13:14:07,37.524852005771585,126.92629633419818,,,,
아이언맨, #교통  #뉴스 독바위역 B5->B6 하행 에스컬레이터 수리중입니다. 수리가 잦은 듯 하네요,2023-04-03 08:09:46,37.619209135353024,126.92125898594361,,,,
검은고양이, #교통 월요일인데 불광역 방면으로 향하는 차량 많지 않은 느낌이에요. ,2023-04-03 07:59:59,37.61832609734809,126.93309165103965,,,,
검은고양이, #날씨 낮에는 27도까지 올라간다고 하지만 아침에는 덥다는 생각 안들어요. 딱 선선해요,2023-04-03 07:55:31,37.61567770128373,126.93294793205342,,,,
들꽃향기," #일상 
#양천구 #네프론 #수퍼빈 #페트병 #음료캔 #4월오픈
#라벨제거 #순환자원 #지구살리기 #동참하기",2023-04-02 22:32:32,37.533528129985946,126.82964258258556,,,,
이또한지나가리," #일상 강변역 포장마차. 아직 서울에 이런 길거리에서  마실수 있는곳이 있다니. 
날씨가 좋으니  다들 기분좋게 한잔..  오늘 일요일인데..",2023-04-02 21:15:59,37.5367173,127.0940043,,,,
제이," #날씨 
현재 기온은 17도. 오늘 하루 종일 여름 날씨였어요. 오늘 꽃구경을 나갔어야했는데 몸이 너무 안좋아 못나갔습니다ㅜㅜ... 우울하네요 증말... 다들 꽃구경 하셨나요?",2023-04-02 19:08:27,37.455793544472385,126.6372814119044,,,,
검은고양이, #일상 이마트 은평점에서 테라 12캔 담은 아이스박스 17000원대에 사왔어요. 넘 만족 ㅎㅎ,2023-04-02 16:33:38,37.6002746471855,126.920178530965,,,,
아이언맨, #교통  불광역 4거리 근처 교통입니다. 경기도에서 서울로 나가는 차량이 많네요. 놀러갔다가 복귀하는 차량인가봐요,2023-04-02 15:55:10,37.61169122980128,126.92978053247258,,,,
검은고양이, #교통 역촌오거리 근처 교통상황입니다. 차량 아직도 많이 다니고 햇빛은 엄청 강해요 #날씨 ,2023-04-02 15:37:00,37.60537735655695,126.92260433000226,,,,
검은고양이, #뉴스  #교통 불광천 자전거통제 2023.4.1.(토)~4.8.(토)까지 한답니다. 자전거 내려서 이동도 힘들어 보여요 워낙 사람이 많아서,2023-04-02 13:56:19,37.594439517741776,126.91541684803265,,,,
아이언맨, #교통 불광천 행사하나봐요. 사람 엄청 많고 음식파는 부스가 길게 늘어져있어요,2023-04-02 13:38:32,37.59869433288915,126.91615201584924,,,,
검은고양이, #날씨 벚꽃이 만개해 있는데 다음주면 비가와서 다 질 것 같아요. 날씨 덥네요~~ 반팔도 많이 보여요,2023-04-02 12:56:47,37.59941392581686,126.9167159592052,,,,
스우파," #일상 
석촌호수 #끝물
갑자기 분 바람으로 벚꽃비가 내리다

P.S. 
담주가 송파 벚꽃축제 시작인데 이미 지고 초록잎이 드러났네요...
석촌호수 동편과 서편 중에, 
롯데월드쪽 석촌호수가 그나마 조금 더 풍성해요
벚꽃 보시려거든 서울 서쪽(여의도,신촌..)으로 가세요..",2023-04-02 12:36:40,37.5076807262772,127.099112837006,,,,
검은고양이, #교통 nc백화점 불광점 뒷쪽 도로 차량 끊임 없어요. 일요일에도 움직이는 사람들 많네요,2023-04-02 12:30:48,37.60919398245016,126.92727961363319,,,,
도토리,삼송쪽에 고양이샵이 있네요...ㅠ 매번 지나다녔는데 이제야 보였네요😩 ,2023-04-02 08:31:28,37.64712782580186,126.90155837696688,,,,
검은고양이, #일상 북한산 올라가는 갈 꽃이 많이펴있어서 아름다웠어요. 거의 암벽등반했네요 오늘,2023-04-01 23:47:31,37.617916579263,126.942890288262,,,,
아이언맨, #일상 불광동 돼지곱창 맛집입니다. 포장하면 양이 어마어마해요. 오돌뼈도 맛있어요,2023-04-01 23:22:19,37.6087874009669,126.926017876361,,,,
검은고양이, #날씨 봄바람이 살랑 부는데 많이 춥지는 않아요. 반팔에 가벼운 외투면 적당한 날씨입니다,2023-04-01 23:00:07,37.61539628095275,126.93334123595469,,,,
이또한지나가리," #일상 부천아트센터    개관 한달 전..  티켓오픈4/5부터  
역시 멋진  아트홀",2023-04-01 20:03:38,37.501214,126.7686932,,,,
이또한지나가리, #일상   중동  부천중앙공원  저녁에  사람들  열심히  운동중...  건너편 아파트  굿..,2023-04-01 19:58:44,37.5013363,126.7688607,,,,
아이언맨, #교통 독바위역에서 불광역으로 향하는 차량 줄 계속 길어요. 날씨가 좋아서 차량 이동이 많은 듯 해요,2023-04-01 15:52:52,37.61439900848792,126.93199331883986,,,,
검은고양이, #뉴스 일렉트로마트 은평점에서 카드행사로 에어팟프로2 세일해요. 30퍼하면 저렴하게 사는 듯 합니다,2023-04-01 14:19:24,37.6003575474462,126.920192031357,,,,
검은고양이, #교통 디지털미디어시티역 공항철도 가는길 입니다. 캐리어 끌고 가는 사람들은 별로 없네요,2023-04-01 13:03:32,37.57720527130985,126.89812273563355,,,,
아이언맨, #교통 불광천 사람들 많아요!  #날씨 는 더워서 반팔도 가능합니당,2023-04-01 12:44:09,37.59913256203271,126.91575621982933,,,,
아이언맨, #뉴스 이마트 오늘 세일 크게 해서 오픈 전부터 줄을 섰어요..... 안전사고 나지 않도록 조심하라고 무전 계속 하네요,2023-04-01 10:08:36,37.60027503690914,126.92011194592004,,,,
검은고양이, #교통 역촌오거리 교통상황입니다. 오전이라 차 많지 않아요. 벚꽃 엄청 피었네요~,2023-04-01 09:52:36,37.60573287479887,126.9229337209781,,,,
아이언맨, #교통 4월의 첫날 날씨가 좋아서 벌써부터 차량들이 놀러 나가는 것 같아요,2023-04-01 09:23:14,37.6148771500562,126.93273367208047,,,,
공공의아군,#코엑스 앞 현재 #상수도공사중 입니다. 소음이 심하네요. 교통은 그래도 원활해요. 조심하세요! #교통 ,2023-03-31 22:33:38,37.5138951,127.0577396,,,,
이또한지나가리," #일상 어린이대공원   벚꽃나무.
서울의 봄. 벚꽃 핫플레이스.  이 저녁에도 구경나온 사람들로 인산인해...",2023-03-31 20:38:13,37.5499772549675,127.080235171998,,,,
이또한지나가리, #일상 구의동 맛집 아직 저도 먹어보지는 못했어요. 하도 사람이 많아서요. 저녁이라 그래도  좀한가해보이네요,2023-03-31 19:25:23,37.5452244,127.0855387,,,,
아이언맨, #교통 여의도-당산 구간 9호선은 퇴근시간에 타면 안될것같네요ㅠ 당산역 사람 짱많아요,2023-03-31 18:26:38,37.5337892432802,126.902165052778,,,,
도토리,합정일에 벚꽃이 다 피었네요!! 차 버리고 구경 하고 싶어요 ㅎㅎ,2023-03-31 15:33:52,37.545123536642826,126.92157694847046,,,,
도토리,합정 상수 한강쪽길 공사가 한창이네요~~ 도로 다시 까는 거 같아요! 통행길 조심하세용  #뉴스  #교통 ,2023-03-31 15:32:25,37.54520933147291,126.92116105009515,,,,
아이언맨, #뉴스 더현대서울스벅은 현대백화점 내에 있어서 애플페이가능하대요!!,2023-03-31 15:32:10,37.526041370109056,126.92829889484196,,,,
공공의아군,"#강남구청역 4번출구 #엘리베이터 #고장 나서 운행중지네요.. 길 건너야하니
참고하세요.
 #교통 ",2023-03-31 15:27:01,37.51721617197854,127.0413109462156,,,,
도토리,가양에서 청담 45분 걸린대요..! 오늘 뭐죠 귀경길인가요 차들이 너무 많네요 ㅜ  #교통 ,2023-03-31 15:23:06,37.57032515587806,126.87339074939229,,,,
아이언맨, #뉴스 오늘따라 더현대 사람 엄청 많아요. 금요일이라 그런가봐요 ,2023-03-31 15:07:22,37.525872071029134,126.92844612411159,,,,
오렌지땅콩,#여의도 #벚꽃이 이쁘네요~~,2023-03-31 14:51:57,37.5198155,126.9210215,,,,
검은고양이, #일상 점심은 보리굴비먹었어요. 반찬과 밥이 무한리필이라 같이가신분은 밥을 2.5그릇 드셨네요,2023-03-31 13:37:50,37.5203338753654,126.93039934429,,,,
검은고양이, #교통 거래소 앞 교통상황입니다. 차량 많이 다니지 않고 점심먹고 돌아가는 직장인들이 많아요,2023-03-31 13:01:42,37.5228949098848,126.928034933086,,,,
검은고양이, #뉴스 여의도 커피빈 앞에 튀김 무료증정행사 하고 있어요. 외국인들도 꽤 보이네요,2023-03-31 12:15:56,37.524943383457156,126.92737230232855,,,,
검은고양이, #교통 더현대서울 앞 꽤 큰 도로인데 횡단보도쪽 공사하고반대편은 차도 공사로 교통이 복잡해요,2023-03-31 11:18:52,37.52435540783933,126.92888656642933,,,,
아이언맨, #교통 에스트리뉴와 오투타워 사이 도로 차량 조금씩 지나가고 있어요,2023-03-31 08:48:04,37.523145476995104,126.92396181783815,,,,
검은고양이, #교통 금요일이라 사람이 좀 적을 줄 알았지만 공덕역 환승구간은 여전히 사람이 많아요,2023-03-31 08:33:00,37.54338596321452,126.95193180248462,,,,
아이언맨, #교통 금요일은 월~목에 비해서 차량이 확 줄어드는 것 같아요. 오늘도 텅비었네요,2023-03-31 08:12:33,37.618413181155184,126.93286962000674,,,,
아이언맨, #날씨 어제보다 더 따듯한 오전입니다. 춥다는 생각 안들어요! 낮에 기온많이 올라갈듯해요,2023-03-31 08:03:19,37.618413181155184,126.93286962000674,,,,
공공의아군,내일 2시에 #리바운드 #빵원티켓 선착순 행사입니다. 장항준 감독 영화라 조금 기대되서 줄서봅니다.,2023-03-30 23:48:40,37.5130779481089,127.058215118259,,,,
아이언맨, #일상 녹차아이스크림 좋아하세요? 저는 녹차별로 안좋아하는데 녹차아이스크림은 맛있네요,2023-03-30 23:05:47,37.6149089274742,126.933481532792,,,,
이또한지나가리, #일상 동네 벚꽃  다음주 비예보   몇일동안 실컷 봐야돠겠네요.   봄의 전령사  벚꽃,2023-03-30 22:20:57,37.5391829,127.0953479,,,,
두둥공감봇,"#스마트수거함 #재활용수거함
강서구청 뒤 주차장 구석에 있네요 
애용해야겟어요",2023-03-30 21:24:55,37.5509646154307,126.849533759513,,,,
아이언맨, #뉴스  #교통 불광천은 벚꽃이 만개했어요. 다음주면 다 떨어질 것 같아요 얼른 보러가세요,2023-03-30 20:01:04,37.5800209041095,126.906234509821,,,,
아이언맨, #교통 불광동 독바위역>불광역 방면 차량 많이 다니지 않아요~ 반대방면은 은은하게 계속 차량 지나가네요,2023-03-30 19:26:16,37.616046094370645,126.93296193157036,,,,
마리오,벚꽃이 벌써 많이 폈어요~ 주말 나들이 다들 가시나요~?,2023-03-30 18:42:19,37.56002838044724,126.85570946078775,,,,
아이언맨, #교통 여의도역 퇴근하는 사람들 9호선>>5호선 이네요. 퇴근 직후보다는 지금이 좀 덜하네요,2023-03-30 18:40:47,37.52164026501201,126.92411618872754,,,,
마리오,"스마트폰중독테스트 해보세여

https://ddooddoo.com/ko/games/phoneaddict/",2023-03-30 18:40:21,37.56002838044724,126.85570946078775,,,,
검은고양이, #일상 점심은 차돌마라짬뽕인데 차알 리뉴얼하고 패드주문으로 바뀌면서 가격도 많이 올랐네요. 차돌마라짬뽕 너무 짜요,2023-03-30 17:16:22,37.52513555792942,126.92490819845753,,,,
검은고양이, #뉴스 IFC 몰 L3층에 킷캣 팝업 생겼어요. 공짜로 킷캣 선물세트 작은거 나눠주네요,2023-03-30 15:09:25,37.5250668422081,126.925955827282,,,,
두둥공감봇,"#라면용기 끓인라면은 참으로 맛있군요
#한강라면 #양화한강공원 
#왕복30분 #식사10분 #바쁜여유
",2023-03-30 15:04:00,37.5450941621162,126.891917433879,,,,
제이," #교통 
홈플러스 간석점앞 도로상황입니다. 점심시간이 꽤 지난 시간인데 도로위 차들이 꽤 많이 지나다니네요. 막힐정도는 아니구요",2023-03-30 14:32:35,37.4678676638058,126.690276777855,,,,
검은고양이, #날씨 빌딩숲 바람이 매섭던 곳에도 봄이 왔는지 따듯해졌어요~ 날씨 참 좋네요,2023-03-30 13:11:26,37.52585927743341,126.92532717942296,,,,
검은고양이, #교통 ifc근처 교통상황입니다. 아침보다는 차량 많이 다니고 있어요. ,2023-03-30 11:31:00,37.52490123737386,126.92635757860441,,,,
공공의아군,#홈플런 #할인행사 아 얼마전에 너구리 우동 샀는데 드디어 세일하네요... 2개 사면 20프로...쎄네요 ㅜ.ㅜ 사야겠어요,2023-03-30 10:49:19,37.6216299720136,126.720318678342,,,,
공공의아군,관악구에 사시는 제보님들 배달어플 #두잇 쓰시면 배달비가 없다고 하네요. 배달비가 없다니?? 후기좀 들려줘요.  #일상 ,2023-03-30 10:05:23,37.4785646095049,126.955677012972,,,,
김공일짱," #날씨  #뉴스 
김포공항역앞 공원도 벚꽃이 피기 시작했습니다!!봄이네요☺️",2023-03-30 09:40:49,37.56300111600031,126.80633451849818,,,,
공공의아군,https://m.cgv.co.kr/Event/2021/fcfs/default.aspx?idx=6&MovieIdx=372 오늘 오후 3시 #리바운드 #cgv #스피드쿠폰 할인행사하네요. 필요하신분 득티켓하세요!,2023-03-30 09:22:29,37.5297517407141,126.963950815777,,,,
아이언맨, #뉴스 롯데마트 창립25주년 세일 (3/30~4/12) 관련 정보 확인해 보세요. 오늘부터 시작입니다. 롯데max카드 있으면 추가할인도 되네요,2023-03-30 08:07:12,37.618413176160985,126.932858314214,,,,
검은고양이, #교통 불광역을 향해 출근하는 차량들이 길게 늘어서고 있어요,2023-03-30 08:00:38,37.61751489717291,126.93315060821075,,,,
검은고양이, #날씨 오늘 날씨 많이 따듯해 졌어요. 하늘도 맑은 편 이네요. 낮에는 얼마나 올라갈까요?,2023-03-30 07:55:48,37.61492348010856,126.9333798042745,,,,
아이언맨, #일상 야채를 많이 먹고싶을 때 먹는 월남쌈. 친구중엔 딸기를 넣어먹는 친구도 있었어요,2023-03-29 22:58:35,37.61469082804918,126.93310415545429,,,,
아이언맨, #날씨 밤에도 엄청 많이 춥진 않네요~~ 곧 4월이 오는게 실감 나요. 달도 이쁜 밤입니다,2023-03-29 22:38:07,37.61469082804918,126.93310415545429,,,,
공공의아군,"3월30일 #서울사랑상품권 구매할 수 있는 날입니다.
출생년도 끝자리 홀수는 오전 10시이고 짝수는 오후2시부터라네요. 필요하신분 구매하세요. 7프로 할인입니다!",2023-03-29 21:39:45,37.5119174462793,127.024978682158,,,,
공공의아군,#축제 #역삼1동 #벚꽃축제 4월3일에서 4일까지 벚꽃 축제한다고해요 !!역삼1동 주민센터 앞마당에 3일 월요일 4시부터 7시까지 체험 문화 행사 하니 가까운 곳 사시는분 마실나가도 좋을듯 합니다!,2023-03-29 20:50:26,37.4987599,127.0296208,,,,
공공의아군,"#신사역 #카페 브런치로 샌드위치랑 샐러드, 주스 사먹었는데 너무 만족스러웠어요. 특히 당근주스...짱 신선!설탕이나 첨가물 안들어갔다고 해요.. 샌드위치도 포장해서 아침으로 간단하게 먹었는데 짱맛 ㅜ 또 사먹으려구요. 샌드위치는 가격도 착하더라구요.",2023-03-29 20:32:04,37.518227981495,127.020823731276,,,,
현디,#부천에도 벌써 #벚꽃이 만개한 나무가 있더라구요! 아마 이번주가 피크인 것같은데 #야외활동 해보세요! #일상  #날씨 ,2023-03-29 20:12:02,37.48991692678554,126.76761414491631,,,,
아이언맨, #교통 아침에 꽉 차있던 그 도로가 퇴근시간에는 거의 비어있네요,2023-03-29 19:02:08,37.618136625489264,126.9331563028073,,,,
아이언맨, #뉴스 이마트 주말에 원플원 세일한대요. 사람 또 엄청 많겠네요,2023-03-29 18:44:24,37.6002746471855,126.920178530965,,,,
검은고양이, #일상 야마야 여의도점 모츠나베 정식입니다. 퀄이나 상차림에 비해 가격이 쎄네요,2023-03-29 18:37:11,37.5246544048455,126.923476495426,,,,
검은고양이, #교통 공덕역 5->6호선 환승하는 구간 사람들 점점 많아지고 있어요,2023-03-29 18:22:41,37.54587998463901,126.91845539485975,,,,
검은고양이, #교통 아이에프씨몰에서 여의도역으로 가는 무빙워크 사람이 실시간으로 많아지고 있어요,2023-03-29 18:07:54,37.52461943102239,126.92573718196893,,,,
공공의아군, #일상 #행사 어제장봐왔는데 또 행사를한다네요. 참고하세용 #이마트,2023-03-29 16:49:42,37.6002746471855,126.920178530965,,,,
제이," #교통 
홈플러스 간석점앞 도로상황입니다. 점심시간이 지난 시간 엄청 한산하네요~",2023-03-29 14:01:12,37.4678676638058,126.690276777855,,,,
흰둥이는잘말려,양심없는 누군가가 누군지 편의점 사장님이 궁금해합니다...인형을 왜 훔쳐가요????🤨😠😡 #그라데이션분노,2023-03-29 10:40:18,37.5525553559839,126.850621509567,,,,
제이," #교통 
홈플러스 간석점앞 도로 상황입니다. 오늘은 출근시간이 조금 지났는데도 차들이 꽤 다니네요~ 그래도 막히지는 않습니다~~",2023-03-29 09:57:27,37.4678676638058,126.690276777855,,,,
아이언맨, #교통 공덕역 6호선 환승구간 내려가는데에만 수분 소요돼요. 사람이 많아요,2023-03-29 08:29:39,37.543389713912276,126.95192615552631,,,,
검은고양이, #날씨 어제보다는 날씨가 따듯해 졌어요. 최고 20도가까이 올라간대요. ,2023-03-29 08:01:33,37.61841398031438,126.9328685888736,,,,
검은고양이, #교통 이 도로 원래 차로 가득한게 보통인데 오늘은 웬일로 차량이 별로 없네요. 저만 출근하나요?ㅜ,2023-03-29 07:56:30,37.61568802211876,126.93301817071034,,,,
검은고양이," #교통 불광역9번출구는 시간이 늦어서인지 사람도 차도 거
의 없네요 ",2023-03-29 00:30:13,37.611036373617786,126.93010720788062,,,,
제이,"#축구 #친선경기
오늘 축구경기를 하는 날이네요. 다들 보고 계신가요? 저는 아기 육아를 하다가 생각이나서 틀었는데 1:0으로 지고 있네요ㅠㅠㅠㅠㅠㅠ 대한민국 화이팅!!!!",2023-03-28 20:20:02,37.45587303514241,126.637301364328,,,,
랜디,#페럼타워 옆 #skt타워 뒤 #미래엣셋센터원 여기는 항상 이렇게 #담배꽁초가 많아요 ㅠㅠ #흡연구역 설치해 주시면 안되나요? #서울시 #중구청 #일상  #뉴스 ,2023-03-28 19:25:06,37.56733356198651,126.98487262146126,,,,
검은고양이, #교통 여의도역 퇴근시간 역사내에 사람이 많아지고 있습니다. 열차안에도 많아요,2023-03-28 18:34:29,37.58006576098625,126.9819272442451,,,,
아이언맨, #일상 목마가렛이라는 꽃인데 선물 받았어요. 토분도 그렇고 꽃도 너무 이쁜 선물이에요 ,2023-03-28 18:14:30,37.5546788388674,126.970606917394,,,,
아이언맨, #교통 종로 디타워 앞은 오후시간대 차량 많지 않아요. 도로는 넓은데 이정도로만 차가 다녀도 한산하고 좋네요,2023-03-28 16:08:43,37.5709958591454,126.978913684955,,,,
검은고양이, #일상 광화문 화목순대국은 11:25에 가도 앞에 10팀 넘어요. 근데 코리안패스트푸드라 회전율 빨라요,2023-03-28 14:23:58,37.57119685726065,126.97471401277097,,,,
선릉대장," #교통  #뉴스 
킥라니 드디어 처단되나봅니다!!!
인도에서 킥보드타는거 넘 위험했는데
단속듀 잘해줬으면..",2023-03-28 13:49:43,37.50355814011555,127.05009181037016,,,,
아이언맨, #뉴스 에스타워  바로 앞 횡단보도옆이 흡연존 인가봐요. 저는 비흡연자인데 냄새가 심하네요ㅜ,2023-03-28 12:55:21,37.5698560284113,126.974033031237,,,,
아이언맨, #일상  날씨가 흐려서 벚꽃핀 모습이 잘 안나오네요. 사실 아직 만개까지도 아니긴해요,2023-03-28 11:17:27,37.564976582796,126.975664628917,,,,
검은고양이, #교통  #뉴스 시청역 11번출구 나오자마자 공사하고 있어요. 통행에 주의하세요,2023-03-28 10:55:54,37.56375135923634,126.97576256442332,,,,
검은고양이," #교통 을지로입구, 롯데백화점 근처입니다. 지나다니는 차량이 많네요",2023-03-28 10:41:17,37.56619441193606,126.98384104652672,,,,
검은고양이," #교통  #뉴스 을지로3가역은 을지로2가, 입구역과 연결돼있고 몇몇 빌딩들은 역이랑 연결돼있어서 출근하기 편해요",2023-03-28 08:34:59,37.566547349191815,126.98484334951543,,,,
검은고양이, #교통 3호선 사람 없어보였는데 다가오는 열차에 사람 이 탈 자리가 없을 정도로 꽉차있어요..,2023-03-28 08:17:43,37.6100477979795,126.930315826401,,,,
아이언맨, #교통 불광역3호선 근처 교통상황인데 출근하는 차량들로 도로가 주차장이네요,2023-03-28 08:07:09,37.6100477979795,126.930315826401,,,,
아이언맨,  #날씨 오늘 아침 날씨도 많이 쌀쌀하네요. 라디오에. 의하면 일교차가 크니 유의하래요,2023-03-28 08:01:55,37.6108690287444,126.929522259306,,,,
아이언맨, #교통 불광역 3번출구 근처 교통상황입니다. 연신내쪽으로 가는 차량 꽤 있어요,2023-03-27 22:06:31,37.609008454971494,126.93099405767587,,,,
검은고양이, #교통 불광역 근처  도로는 막히고 있어요. 퇴근하는 차량이 많아졌네요,2023-03-27 19:25:26,37.609656413193846,126.93056866954691,,,,
Jhpark, #날씨 ,2023-03-27 19:08:23,36.14538614268208,128.3926386310385,,,,
아이언맨, #교통 여의도역 5호선 내려가는 에스컬레이터 수리중이라 계단으로 내려가야합니다. 올라가는 에스컬레이터 아니라 넘다행이네요,2023-03-27 18:47:20,37.5217753947299,126.924397990207,,,,
아이언맨, #교통 여의도역 3번출구로 내려왔을 때의 모습입니다. 이 사람들 중 반 이상은 9호선 타러가요,2023-03-27 18:38:40,37.5217753947299,126.924397990207,,,,
검은고양이, #일상 구이구이에서 고등어구이 삼치구이 먹었어요. 점심 웨이팅 엄청 긴데 2명이면 그나마 좀 빨리 들어가요,2023-03-27 18:12:32,37.5259375515659,126.918275788054,,,,
검은고양이, #교통 한국거래소 앞 교통상황입니다. 아직까지는 도로에 차 많이 다니지 않아요,2023-03-27 16:59:16,37.5228949098848,126.928034933086,,,,
검은고양이, #교통 메리츠화재 앞인데 사람도 차도 별로 없어요. 날씨는 햇살이 있어 조금 낫네요 #날씨 ,2023-03-27 15:16:56,37.5241697387015,126.926427318355,,,,
SHM,날씨좋네요 #날씨 ,2023-03-27 12:43:29,37.65412801444228,126.68133670485474,,,,
제이," #교통 
홈플러스 간석점앞 도로 상황입니다. 출근시간이 지난 시간이라 그런지 차들이 별로 없어 한산합니다~",2023-03-27 09:58:51,37.4678676638058,126.690276777855,,,,
검은고양이, #교통 공덕역 환승하는 구간 월요일이라 그런지 사람 엄청 많아요. 내려가는데에도 몇분걸리네요,2023-03-27 08:41:03,37.543530049331636,126.95189540256291,,,,
아이언맨, #교통 독바위역 지나 불광역 가는 도로 완전 막혀요. 월요일이라 더 심한듯해요,2023-03-27 08:02:16,37.61840689631911,126.9328625758535,,,,
검은고양이, #날씨 오늘 날씨 솔찬히 춥네요. 하늘은 맑은데 기온은 싸늘해요.,2023-03-27 07:56:31,37.61538855763896,126.93312130725697,,,,
아이언맨, #일상 경복궁역 골목에서 찾은 스키야키 맛집. 노른자에 찍어먹으면 넘넘 맛나요,2023-03-26 23:41:16,37.5754937585079,126.971039100281,,,,
아이언맨, #뉴스 요즘 버스에는 이렇게 핸드폰 충전할 수 있는 USB포트도 있어요😮 더 많은 버스들로 퍼지면 좋겠어요,2023-03-26 23:19:31,37.61339022663472,126.9321545091985,,,,
아이언맨, #교통 경복궁역 3호선 막차 1시간 전이나 사람이 거의 없어요. 일요일이라 그런듯해요,2023-03-26 22:55:26,37.57599237829727,126.97272452068991,,,,
검은고양이, #교통 불광역3호선 애매한 오후시간이라그론지 사람이 없네요. 열차 안에도 없어요 자리 텅~~,2023-03-26 16:39:13,37.61003634542104,126.93019031675557,,,,
아이언맨, #교통  #날씨 바람이 엄청 많이 불지만 많이 춥진 않아요. 차량도 양방향 많아요. ,2023-03-26 16:25:20,37.614201069844526,126.93238617864151,,,,
제이," #교통 
인천대로 교통상황입니다. 일요일인데 송도, 제2경인 방면으로 가는 도로위 차들이 꽤 길게 줄 서 있습니다.",2023-03-26 14:48:43,37.4550707256814,126.663578506304,,,,
제이," #날씨 
현재 기온은 12도. 미용실을 가려고 잠시 나왔는데 참 좋네요. 햇살은 따뜻하고 바람은 부는데 추위 타시는 분들은 라이더 자켓같은 겉옷 입으세요~",2023-03-26 13:26:18,37.46035618245365,126.63869426597527,,,,
이또한지나가리," #일상 성수동서울숲  주말 아직 벚꽃은 피기 전
다음주면  다 필듯
사람들 많다..",2023-03-26 12:58:07,37.5440502,127.0393078,,,,
제보자," #일상 #서울
2호선 지하철에서 봤는데 서울 사는 1인가구 사람들에게 도움이 될 것 같아요!",2023-03-26 10:00:51,37.538007070547614,127.09125644463772,,,,
아이언맨, #교통 서울역 서울스퀘어 앞 버스정류장인데 경기버스 줄 엄청 길어요. 서울 버스 줄은 괜찮아요,2023-03-25 23:44:04,37.5546788388674,126.970606917394,,,,
검은고양이, #일상  오늘 이자카야에서 아귀간을 처음 먹어봤어요. 처음 먹어보지만 맛있네요,2023-03-25 23:24:12,37.583909252627514,126.94932948497974,,,,
검은고양이, #교통 서울역 밤11시에도 사람이 꽤 있어요. 대부분 나가는 사람인 것 같아요,2023-03-25 23:00:09,37.55375652577513,126.97029333573485,,,,
두둥공감봇,"전 #반려동물 없어서 몰랐는데
이제 일반약국에서도 #동물용의약품 
 판매하고 있었네요~
 #일상 ",2023-03-25 21:40:19,37.5672001,126.8169089,,,,
검은고양이, #교통  #뉴스 서울역 앞 에스컬레이터 종종 운행 안하더니 이제는 아예 덮어뒀네요,2023-03-25 11:51:43,37.554569196935674,126.97188883990465,,,,
이또한지나가리," #일상 성수동 토요일 늦은아침브런치. 여유롭다.
오후에는  또  어떤일이  생길까.
mela",2023-03-25 11:31:37,37.5435262,127.054085,,,,
검은고양이, #교통 불광역 오전이라 그런지 차 별로 안다니네요. 오히려 사람이 더 많아요,2023-03-25 09:44:37,37.61739566607712,126.92269918168869,,,,
검은고양이, #날씨 토요일 오전 날씨 많이 춥지 않아요. 조금 흐리지만 따듯한 날씨네요,2023-03-25 09:16:33,37.61452207313847,126.93149328494258,,,,
아이언맨, #일상 더현대서울에서 사온 치플레 냉동 후 먹었는데 바스크치즈케이크 맛이네요,2023-03-24 23:56:23,37.525845061542,126.928480088489,,,,
제이," #일상 #축구 #A매치
하나은행 초청 국가친선경기를 하네요. 불금에 보기 딱 좋습니다👍🏻 친선경기라도 이겼으면 좋겠어요~~ 대한민국!!!! 🇰🇷🇰🇷🇰🇷🇰🇷🇰🇷",2023-03-24 20:48:31,37.455788939790295,126.63729635624351,,,,
아이언맨, #교통 독바위 힐스테이트 앞 교통상황입니다. 양방향 모두 차량 별로 없어요,2023-03-24 19:29:49,37.61764096099661,126.93319603812594,,,,
아이언맨, #교통 여의도역 5번출구는 퇴근시간이 지났어도 내려가는 사람이 많아요! 다 9호선가랏,2023-03-24 18:43:09,37.52178456748404,126.92472172750539,,,,
아이언맨, #교통 퇴근시간인데도 아직 거래소 앞 차 많이 다니지 않네요?? 폭풍전야가 바로 이런 것인가 ..,2023-03-24 18:08:42,37.52324677541635,126.92680433404345,,,,
공공의아군,#영화할인 #무비싸다구 #롯데시네마 샷것웨딩 28일 화요일 2시에 오픈한다네요. 관심있으신분 알람해놓으셔요!,2023-03-24 16:09:38,37.53860688301305,127.07292268612835,,,,
현디,#대한민국대표축제박람회 #한빛서포터즈입니다! 4월 7일부터 9일까지 #축제박람회가 #부산 #벡스코에서 개최될 예정이니 많은 관심부탁드립니다:) #일상 ,2023-03-24 15:48:40,35.1691716212143,129.13625616255,,,,
현디,#초지역 #2번출구가 #공사중이니 참고하시고 반대편 1번출구를 이용해야할것같습니다! #엘리베이터도 있으니 참고하세요!,2023-03-24 15:47:07,37.3204403767323,126.80647314589804,,,,
현디,#안산천에 다녀와봤는데 #야경도 너무좋고 #날씨도 좋아서 #산책하기 딱 좋은 것같아요! #자전거도 추천입니당,2023-03-24 15:45:18,37.3012066850193,126.818852764939,,,,
현디,#미세먼지는 많지만 #날씨가 너무 좋은 것같아요! #마스크는 해제되었지만 #마스크착용하고 다니시는게 좋을 것 같습니다:) #일상  #날씨 ,2023-03-24 15:44:20,37.5250892160129,126.947545050571,,,,
검은고양이, #일상 점심은 IFC더플레이스에서 먹었어요. 피자가 정말 맛있었어요. 스테이크 샐러드도 맛있어요,2023-03-24 13:49:08,37.52501905720004,126.92590496720078,,,,
이또한지나가리," #일상 용인에 있는 칼빈대학교
금요일 오후 한적한 학교 교정
경사가 그래도 꽤되네요 ",2023-03-24 13:40:43,37.3044108,127.1279444,,,,
검은고양이, #교통 여의도 환승센터 앞 차량 좀 다니고 있어요. 출퇴근시간처럼 많진 않네요,2023-03-24 13:04:12,37.52625989068179,126.92447352926281,,,,
검은고양이, #뉴스 여의도IFC몰 마시모두띠 리뉴얼 후 재 오픈 했어요!!! 화사해 졌네요,2023-03-24 11:23:02,37.524569212981646,126.9256344803685,,,,
제이," #교통 
홈플러스 간석점앞 도로상황입니다. 출근시간이 지난 시간이라 그런지 차들이 없어 한산하네요~~",2023-03-24 09:59:06,37.4678676638058,126.690276777855,,,,
공공의아군,#던전앤드래곤 #영화티켓 #빵원티켓 #메가박스 2시에 빵티 쿠폰입니다. 11시는 여덟번째 감각이라고 하네요,2023-03-24 09:45:58,37.5124049314709,127.024779773951,,,,
,,,,,,,,
,,,,,,,,
,,,,,,,,
,,,,,,,,
,,,,,,,,
,,,,,,,,
,,,,,,,,
,,,,,,,,
,,,,,,,,
,,,,,,,,
,,,,,,,,
,,,,,,,,
,,,,,,,,
,,,,,,,,
,,,,,,,,
,,,,,,,,
,,,,,,,,
,,,,,,,,
,,,,,,,,
,,,,,,,,
,,,,,,,,
,,,,,,,,
,,,,,,,,
,,,,,,,,
,,,,,,,,
,,,,,,,,
,,,,,,,,
,,,,,,,,
,,,,,,,,
,,,,,,,,
,,,,,,,,
,,,,,,,,
,,,,,,,,
,,,,,,,,
,,,,,,,,
,,,,,,,,
,,,,,,,,
,,,,,,,,
,,,,,,,,
,,,,,,,,
,,,,,,,,
,,,,,,,,
,,,,,,,,
,,,,,,,,
,,,,,,,,
,,,,,,,,
,,,,,,,,
,,,,,,,,
,,,,,,,,
,,,,,,,,
,,,,,,,,
,,,,,,,,
,,,,,,,,
,,,,,,,,
,,,,,,,,
,,,,,,,,
,,,,,,,,
,,,,,,,,
,,,,,,,,
,,,,,,,,
,,,,,,,,
,,,,,,,,
,,,,,,,,
,,,,,,,,
,,,,,,,,
,,,,,,,,
,,,,,,,,
,,,,,,,,
,,,,,,,,
,,,,,,,,
,,,,,,,,
,,,,,,,,
,,,,,,,,
,,,,,,,,
,,,,,,,,
,,,,,,,,
,,,,,,,,
,,,,,,,,
,,,,,,,,
,,,,,,,,
,,,,,,,,
,,,,,,,,
,,,,,,,,
,,,,,,,,
,,,,,,,,
,,,,,,,,
,,,,,,,,
,,,,,,,,
,,,,,,,,
,,,,,,,,
,,,,,,,,
,,,,,,,,
,,,,,,,,
,,,,,,,,
,,,,,,,,
,,,,,,,,
,,,,,,,,
,,,,,,,,
,,,,,,,,
,,,,,,,,
,,,,,,,,
,,,,,,,,
,,,,,,,,
,,,,,,,,
,,,,,,,,
,,,,,,,,
,,,,,,,,
,,,,,,,,
,,,,,,,,
,,,,,,,,
,,,,,,,,
,,,,,,,,
,,,,,,,,
,,,,,,,,
,,,,,,,,
,,,,,,,,
,,,,,,,,
,,,,,,,,
,,,,,,,,
,,,,,,,,
,,,,,,,,
,,,,,,,,
,,,,,,,,
,,,,,,,,
,,,,,,,,
,,,,,,,,
,,,,,,,,
,,,,,,,,
,,,,,,,,
,,,,,,,,
,,,,,,,,
,,,,,,,,
,,,,,,,,
,,,,,,,,
,,,,,,,,
,,,,,,,,
,,,,,,,,
,,,,,,,,
,,,,,,,,
,,,,,,,,
,,,,,,,,
,,,,,,,,
,,,,,,,,
,,,,,,,,
,,,,,,,,
,,,,,,,,
,,,,,,,,
,,,,,,,,
,,,,,,,,
,,,,,,,,
,,,,,,,,
,,,,,,,,
,,,,,,,,
,,,,,,,,
,,,,,,,,
,,,,,,,,
,,,,,,,,
,,,,,,,,
,,,,,,,,
,,,,,,,,
,,,,,,,,
,,,,,,,,
,,,,,,,,
,,,,,,,,
,,,,,,,,
,,,,,,,,
,,,,,,,,
,,,,,,,,
,,,,,,,,
,,,,,,,,
,,,,,,,,
,,,,,,,,
,,,,,,,,
,,,,,,,,
,,,,,,,,
,,,,,,,,
,,,,,,,,
,,,,,,,,
,,,,,,,,
,,,,,,,,
,,,,,,,,
,,,,,,,,
,,,,,,,,
,,,,,,,,
,,,,,,,,
,,,,,,,,
,,,,,,,,
,,,,,,,,
,,,,,,,,
,,,,,,,,
,,,,,,,,
,,,,,,,,
,,,,,,,,
,,,,,,,,
,,,,,,,,
,,,,,,,,
,,,,,,,,
,,,,,,,,
,,,,,,,,
,,,,,,,,
,,,,,,,,
,,,,,,,,
,,,,,,,,
,,,,,,,,
,,,,,,,,
,,,,,,,,
,,,,,,,,
,,,,,,,,
,,,,,,,,
,,,,,,,,
,,,,,,,,
,,,,,,,,
,,,,,,,,
,,,,,,,,
,,,,,,,,
,,,,,,,,
,,,,,,,,
,,,,,,,,
,,,,,,,,
,,,,,,,,
,,,,,,,,
,,,,,,,,
,,,,,,,,
,,,,,,,,
,,,,,,,,
,,,,,,,,
,,,,,,,,
,,,,,,,,
,,,,,,,,
,,,,,,,,
,,,,,,,,
,,,,,,,,
,,,,,,,,
,,,,,,,,
,,,,,,,,
,,,,,,,,
,,,,,,,,
,,,,,,,,
,,,,,,,,
,,,,,,,,
,,,,,,,,
,,,,,,,,
,,,,,,,,
,,,,,,,,
,,,,,,,,
,,,,,,,,
,,,,,,,,
,,,,,,,,
,,,,,,,,
,,,,,,,,
,,,,,,,,
,,,,,,,,
,,,,,,,,
,,,,,,,,
,,,,,,,,
,,,,,,,,
,,,,,,,,
,,,,,,,,
,,,,,,,,
,,,,,,,,
,,,,,,,,
,,,,,,,,
,,,,,,,,
,,,,,,,,
,,,,,,,,
,,,,,,,,
,,,,,,,,
,,,,,,,,
,,,,,,,,
,,,,,,,,
,,,,,,,,
,,,,,,,,
,,,,,,,,
,,,,,,,,
,,,,,,,,
,,,,,,,,
,,,,,,,,
,,,,,,,,
,,,,,,,,
,,,,,,,,
,,,,,,,,
,,,,,,,,
,,,,,,,,
,,,,,,,,
,,,,,,,,
,,,,,,,,
,,,,,,,,
,,,,,,,,
,,,,,,,,
,,,,,,,,
,,,,,,,,
,,,,,,,,
,,,,,,,,
,,,,,,,,
,,,,,,,,
,,,,,,,,
,,,,,,,,
,,,,,,,,
,,,,,,,,
,,,,,,,,
,,,,,,,,
,,,,,,,,
,,,,,,,,
,,,,,,,,
,,,,,,,,
,,,,,,,,
,,,,,,,,
,,,,,,,,
,,,,,,,,
,,,,,,,,
,,,,,,,,
,,,,,,,,
,,,,,,,,
,,,,,,,,
,,,,,,,,
,,,,,,,,
,,,,,,,,
,,,,,,,,
,,,,,,,,
,,,,,,,,
,,,,,,,,
,,,,,,,,
,,,,,,,,
,,,,,,,,
,,,,,,,,
,,,,,,,,
,,,,,,,,
,,,,,,,,
,,,,,,,,
,,,,,,,,
,,,,,,,,
,,,,,,,,
,,,,,,,,
,,,,,,,,
,,,,,,,,
,,,,,,,,
,,,,,,,,
,,,,,,,,
,,,,,,,,
,,,,,,,,
,,,,,,,,
,,,,,,,,
,,,,,,,,
,,,,,,,,
,,,,,,,,
,,,,,,,,
,,,,,,,,
,,,,,,,,
,,,,,,,,
,,,,,,,,
,,,,,,,,
,,,,,,,,
,,,,,,,,
,,,,,,,,
,,,,,,,,
,,,,,,,,
,,,,,,,,
,,,,,,,,
,,,,,,,,
,,,,,,,,
,,,,,,,,
,,,,,,,,
,,,,,,,,
,,,,,,,,
,,,,,,,,
,,,,,,,,
,,,,,,,,
,,,,,,,,
,,,,,,,,
,,,,,,,,
,,,,,,,,
,,,,,,,,
,,,,,,,,
,,,,,,,,
,,,,,,,,
,,,,,,,,
,,,,,,,,
,,,,,,,,
,,,,,,,,
,,,,,,,,
,,,,,,,,
,,,,,,,,
,,,,,,,,
,,,,,,,,
,,,,,,,,
,,,,,,,,
,,,,,,,,
,,,,,,,,
,,,,,,,,
,,,,,,,,
,,,,,,,,
,,,,,,,,
,,,,,,,,
,,,,,,,,
,,,,,,,,
,,,,,,,,
,,,,,,,,
,,,,,,,,
,,,,,,,,
,,,,,,,,
,,,,,,,,
,,,,,,,,
,,,,,,,,
,,,,,,,,
,,,,,,,,
,,,,,,,,
,,,,,,,,
,,,,,,,,
,,,,,,,,
,,,,,,,,
,,,,,,,,
,,,,,,,,
,,,,,,,,
,,,,,,,,
,,,,,,,,
,,,,,,,,
,,,,,,,,
,,,,,,,,
,,,,,,,,
,,,,,,,,
,,,,,,,,
,,,,,,,,
,,,,,,,,
,,,,,,,,
,,,,,,,,
,,,,,,,,
,,,,,,,,
,,,,,,,,
,,,,,,,,
,,,,,,,,
,,,,,,,,
,,,,,,,,
,,,,,,,,
,,,,,,,,
,,,,,,,,
,,,,,,,,
,,,,,,,,
,,,,,,,,
,,,,,,,,
,,,,,,,,
,,,,,,,,
,,,,,,,,
,,,,,,,,
,,,,,,,,
,,,,,,,,
,,,,,,,,
,,,,,,,,
,,,,,,,,
,,,,,,,,
,,,,,,,,
,,,,,,,,
,,,,,,,,
,,,,,,,,
,,,,,,,,
,,,,,,,,
,,,,,,,,
,,,,,,,,
,,,,,,,,
,,,,,,,,
,,,,,,,,
,,,,,,,,
,,,,,,,,
,,,,,,,,
,,,,,,,,
,,,,,,,,
,,,,,,,,
,,,,,,,,
,,,,,,,,
,,,,,,,,
,,,,,,,,
,,,,,,,,
,,,,,,,,
,,,,,,,,
,,,,,,,,
,,,,,,,,
,,,,,,,,
,,,,,,,,
,,,,,,,,
,,,,,,,,
,,,,,,,,
,,,,,,,,
,,,,,,,,
,,,,,,,,
,,,,,,,,
,,,,,,,,
,,,,,,,,
,,,,,,,,
,,,,,,,,
,,,,,,,,
,,,,,,,,
,,,,,,,,
,,,,,,,,
,,,,,,,,
,,,,,,,,
,,,,,,,,
,,,,,,,,
,,,,,,,,
,,,,,,,,
,,,,,,,,
,,,,,,,,
,,,,,,,,
,,,,,,,,
,,,,,,,,
,,,,,,,,
,,,,,,,,
,,,,,,,,
,,,,,,,,
,,,,,,,,
,,,,,,,,
,,,,,,,,
,,,,,,,,
,,,,,,,,
,,,,,,,,
,,,,,,,,
,,,,,,,,
,,,,,,,,
,,,,,,,,
,,,,,,,,
,,,,,,,,
,,,,,,,,
,,,,,,,,
,,,,,,,,
,,,,,,,,
,,,,,,,,
,,,,,,,,
,,,,,,,,
,,,,,,,,
,,,,,,,,
,,,,,,,,
,,,,,,,,
,,,,,,,,
,,,,,,,,
,,,,,,,,
,,,,,,,,
,,,,,,,,
,,,,,,,,
,,,,,,,,
,,,,,,,,
,,,,,,,,
,,,,,,,,
,,,,,,,,
,,,,,,,,
,,,,,,,,
,,,,,,,,
,,,,,,,,
,,,,,,,,
,,,,,,,,
,,,,,,,,
,,,,,,,,
,,,,,,,,
,,,,,,,,
,,,,,,,,
,,,,,,,,
,,,,,,,,
,,,,,,,,
,,,,,,,,
,,,,,,,,
,,,,,,,,
,,,,,,,,
,,,,,,,,
,,,,,,,,
,,,,,,,,
,,,,,,,,
,,,,,,,,
,,,,,,,,
,,,,,,,,
,,,,,,,,
,,,,,,,,
,,,,,,,,
,,,,,,,,
,,,,,,,,
,,,,,,,,
,,,,,,,,
,,,,,,,,
,,,,,,,,
,,,,,,,,
,,,,,,,,
,,,,,,,,
,,,,,,,,
,,,,,,,,
,,,,,,,,
,,,,,,,,
,,,,,,,,
,,,,,,,,
,,,,,,,,
,,,,,,,,
,,,,,,,,
,,,,,,,,
,,,,,,,,
,,,,,,,,
,,,,,,,,
,,,,,,,,
,,,,,,,,
,,,,,,,,
,,,,,,,,
,,,,,,,,
,,,,,,,,
,,,,,,,,
,,,,,,,,
,,,,,,,,
,,,,,,,,
,,,,,,,,
,,,,,,,,
,,,,,,,,
,,,,,,,,
,,,,,,,,
,,,,,,,,
,,,,,,,,
,,,,,,,,
,,,,,,,,
,,,,,,,,
,,,,,,,,
,,,,,,,,
,,,,,,,,
,,,,,,,,
,,,,,,,,
,,,,,,,,
,,,,,,,,
,,,,,,,,
,,,,,,,,
,,,,,,,,
,,,,,,,,
,,,,,,,,
,,,,,,,,
,,,,,,,,
,,,,,,,,
,,,,,,,,
,,,,,,,,
,,,,,,,,
,,,,,,,,
,,,,,,,,
,,,,,,,,
,,,,,,,,
,,,,,,,,
,,,,,,,,
,,,,,,,,
,,,,,,,,
,,,,,,,,
,,,,,,,,
,,,,,,,,
,,,,,,,,
,,,,,,,,
,,,,,,,,
,,,,,,,,
,,,,,,,,
,,,,,,,,
,,,,,,,,
,,,,,,,,
,,,,,,,,
,,,,,,,,
,,,,,,,,
,,,,,,,,
,,,,,,,,
,,,,,,,,
,,,,,,,,
,,,,,,,,
,,,,,,,,
,,,,,,,,
,,,,,,,,
,,,,,,,,
,,,,,,,,
,,,,,,,,
,,,,,,,,
,,,,,,,,
,,,,,,,,
,,,,,,,,
,,,,,,,,
,,,,,,,,
,,,,,,,,
,,,,,,,,
,,,,,,,,
,,,,,,,,
,,,,,,,,
,,,,,,,,
,,,,,,,,
,,,,,,,,
,,,,,,,,
,,,,,,,,
,,,,,,,,
,,,,,,,,
,,,,,,,,
,,,,,,,,
,,,,,,,,
,,,,,,,,
,,,,,,,,
,,,,,,,,
,,,,,,,,
,,,,,,,,
,,,,,,,,
,,,,,,,,
,,,,,,,,
,,,,,,,,
,,,,,,,,
,,,,,,,,
,,,,,,,,
,,,,,,,,
,,,,,,,,
,,,,,,,,
,,,,,,,,
,,,,,,,,
,,,,,,,,
